-- phpMyAdmin SQL Dump
-- version 5.2.1
-- https://www.phpmyadmin.net/
--
-- Host: localhost
-- Waktu pembuatan: 15 Des 2025 pada 13.48
-- Versi server: 10.4.28-MariaDB
-- Versi PHP: 8.2.4

SET SQL_MODE = "NO_AUTO_VALUE_ON_ZERO";
START TRANSACTION;
SET time_zone = "+00:00";


/*!40101 SET @OLD_CHARACTER_SET_CLIENT=@@CHARACTER_SET_CLIENT */;
/*!40101 SET @OLD_CHARACTER_SET_RESULTS=@@CHARACTER_SET_RESULTS */;
/*!40101 SET @OLD_COLLATION_CONNECTION=@@COLLATION_CONNECTION */;
/*!40101 SET NAMES utf8mb4 */;

--
-- Database: `studybuddy_uas_fix`
--

-- --------------------------------------------------------

--
-- Struktur dari tabel `cache`
--

CREATE TABLE `cache` (
  `key` varchar(255) NOT NULL,
  `value` mediumtext NOT NULL,
  `expiration` int(11) NOT NULL
) ENGINE=InnoDB DEFAULT CHARSET=utf8mb4 COLLATE=utf8mb4_unicode_ci;

-- --------------------------------------------------------

--
-- Struktur dari tabel `cache_locks`
--

CREATE TABLE `cache_locks` (
  `key` varchar(255) NOT NULL,
  `owner` varchar(255) NOT NULL,
  `expiration` int(11) NOT NULL
) ENGINE=InnoDB DEFAULT CHARSET=utf8mb4 COLLATE=utf8mb4_unicode_ci;

-- --------------------------------------------------------

--
-- Struktur dari tabel `failed_jobs`
--

CREATE TABLE `failed_jobs` (
  `id` bigint(20) UNSIGNED NOT NULL,
  `uuid` varchar(255) NOT NULL,
  `connection` text NOT NULL,
  `queue` text NOT NULL,
  `payload` longtext NOT NULL,
  `exception` longtext NOT NULL,
  `failed_at` timestamp NOT NULL DEFAULT current_timestamp()
) ENGINE=InnoDB DEFAULT CHARSET=utf8mb4 COLLATE=utf8mb4_unicode_ci;

-- --------------------------------------------------------

--
-- Struktur dari tabel `games`
--

CREATE TABLE `games` (
  `id` bigint(20) UNSIGNED NOT NULL,
  `title` varchar(255) NOT NULL,
  `price` int(11) NOT NULL,
  `created_at` timestamp NULL DEFAULT NULL,
  `updated_at` timestamp NULL DEFAULT NULL
) ENGINE=InnoDB DEFAULT CHARSET=utf8mb4 COLLATE=utf8mb4_unicode_ci;

-- --------------------------------------------------------

--
-- Struktur dari tabel `jadwal_sesi`
--

CREATE TABLE `jadwal_sesi` (
  `jadwal_id` bigint(20) NOT NULL,
  `hari` enum('Senin','Selasa','Rabu','Kamis','Jumat') NOT NULL,
  `sesi` enum('1','2') NOT NULL
) ENGINE=InnoDB DEFAULT CHARSET=utf8mb4 COLLATE=utf8mb4_general_ci;

--
-- Dumping data untuk tabel `jadwal_sesi`
--

INSERT INTO `jadwal_sesi` (`jadwal_id`, `hari`, `sesi`) VALUES
(12, 'Senin', '1'),
(13, 'Senin', '2'),
(14, 'Selasa', '1'),
(15, 'Selasa', '2'),
(16, 'Rabu', '1'),
(17, 'Rabu', '2'),
(18, 'Kamis', '1'),
(19, 'Kamis', '2'),
(20, 'Jumat', '1'),
(21, 'Jumat', '2');

-- --------------------------------------------------------

--
-- Struktur dari tabel `jobs`
--

CREATE TABLE `jobs` (
  `id` bigint(20) UNSIGNED NOT NULL,
  `queue` varchar(255) NOT NULL,
  `payload` longtext NOT NULL,
  `attempts` tinyint(3) UNSIGNED NOT NULL,
  `reserved_at` int(10) UNSIGNED DEFAULT NULL,
  `available_at` int(10) UNSIGNED NOT NULL,
  `created_at` int(10) UNSIGNED NOT NULL
) ENGINE=InnoDB DEFAULT CHARSET=utf8mb4 COLLATE=utf8mb4_unicode_ci;

-- --------------------------------------------------------

--
-- Struktur dari tabel `job_batches`
--

CREATE TABLE `job_batches` (
  `id` varchar(255) NOT NULL,
  `name` varchar(255) NOT NULL,
  `total_jobs` int(11) NOT NULL,
  `pending_jobs` int(11) NOT NULL,
  `failed_jobs` int(11) NOT NULL,
  `failed_job_ids` longtext NOT NULL,
  `options` mediumtext DEFAULT NULL,
  `cancelled_at` int(11) DEFAULT NULL,
  `created_at` int(11) NOT NULL,
  `finished_at` int(11) DEFAULT NULL
) ENGINE=InnoDB DEFAULT CHARSET=utf8mb4 COLLATE=utf8mb4_unicode_ci;

-- --------------------------------------------------------

--
-- Struktur dari tabel `kelas`
--

CREATE TABLE `kelas` (
  `kelas_id` bigint(20) NOT NULL,
  `tutor_id` varchar(10) NOT NULL,
  `siswa_id` varchar(10) NOT NULL,
  `mapel_id` varchar(20) NOT NULL,
  `jenjang` enum('sd1','sd2','sd3','sd4','sd5','sd6','smp1','smp2','smp3','sma1','sma2','sma3') NOT NULL,
  `jadwal_id` bigint(20) NOT NULL
) ENGINE=InnoDB DEFAULT CHARSET=utf8mb4 COLLATE=utf8mb4_general_ci;

-- --------------------------------------------------------

--
-- Struktur dari tabel `kelas_kelas`
--

CREATE TABLE `kelas_kelas` (
  `id` bigint(20) UNSIGNED NOT NULL,
  `kelas_id` bigint(20) NOT NULL,
  `siswa_id` varchar(10) NOT NULL,
  `tutor_id` varchar(10) NOT NULL,
  `tanggal_mulai` date DEFAULT NULL,
  `tanggal_selesai` date DEFAULT NULL
) ENGINE=InnoDB DEFAULT CHARSET=utf8mb4 COLLATE=utf8mb4_general_ci;

--
-- Dumping data untuk tabel `kelas_kelas`
--

INSERT INTO `kelas_kelas` (`id`, `kelas_id`, `siswa_id`, `tutor_id`, `tanggal_mulai`, `tanggal_selesai`) VALUES
(1, 32, 'S003', 'T026', NULL, NULL),
(2, 41, 'S002', 'T027', NULL, NULL),
(3, 3, 'S003', 'T001', NULL, NULL),
(4, 128, 'S004', 'T028', NULL, NULL),
(5, 56, 'S005', 'T029', NULL, NULL),
(6, 57, 'S005', 'T029', NULL, NULL),
(7, 564, 'S007', 'T035', '2025-10-25', '2026-01-23'),
(8, 224, 'S008', 'T042', '2025-03-15', '2025-09-11'),
(9, 80, 'S008', 'T046', '2024-06-17', '2024-09-15'),
(10, 215, 'S011', 'T038', '2024-11-28', '2025-02-26'),
(11, 101, 'S011', 'T038', '2024-08-26', '2024-11-24'),
(12, 131, 'S012', 'T044', '2024-08-04', '2024-09-03'),
(13, 168, 'S012', 'T044', '2024-04-23', '2024-05-23'),
(14, 159, 'S012', 'T046', '2025-06-10', '2025-07-10'),
(15, 276, 'S014', 'T051', '2024-09-22', '2024-12-21'),
(16, 551, 'S014', 'T049', '2025-02-19', '2025-03-21'),
(17, 309, 'S015', 'T049', '2024-05-18', '2024-11-14'),
(18, 22, 'S016', 'T057', '2024-09-25', '2024-12-24'),
(19, 227, 'S018', 'T067', '2024-10-13', '2025-04-11'),
(20, 470, 'S019', 'T049', '2025-12-26', '2026-06-24'),
(21, 692, 'S020', 'T032', '2025-11-19', '2025-12-19'),
(22, 669, 'S020', 'T045', '2025-03-27', '2025-09-23'),
(23, 16, 'S021', 'T038', '2025-06-18', '2025-12-15'),
(24, 220, 'S021', 'T057', '2025-02-25', '2025-03-27'),
(25, 215, 'S022', 'T038', '2024-04-27', '2024-07-26'),
(26, 16, 'S023', 'T057', '2025-04-13', '2025-07-12'),
(27, 84, 'S023', 'T044', '2025-03-05', '2025-04-04'),
(28, 181, 'S023', 'T057', '2025-08-20', '2025-09-19'),
(29, 627, 'S024', 'T045', '2025-02-25', '2025-03-27'),
(30, 584, 'S024', 'T045', '2025-11-26', '2025-12-26'),
(31, 155, 'S025', 'T046', '2024-11-17', '2025-05-16'),
(32, 173, 'S025', 'T071', '2024-09-12', '2025-03-11'),
(33, 483, 'S027', 'T035', '2025-06-09', '2025-07-09'),
(34, 419, 'S027', 'T033', '2024-10-24', '2024-11-23'),
(35, 522, 'S027', 'T062', '2024-11-15', '2025-02-13'),
(36, 261, 'S029', 'T033', '2024-01-26', '2024-04-25'),
(37, 401, 'S029', 'T051', '2025-09-16', '2026-03-15'),
(38, 340, 'S029', 'T033', '2025-01-28', '2025-04-28'),
(39, 674, 'S030', 'T040', '2025-07-11', '2026-01-07'),
(40, 618, 'S030', 'T043', '2025-06-04', '2025-12-01'),
(41, 189, 'S031', 'T067', '2025-05-21', '2025-08-19'),
(42, 96, 'S032', 'T057', '2024-01-05', '2024-07-03'),
(43, 138, 'S033', 'T071', '2025-06-21', '2025-09-19'),
(44, 498, 'S034', 'T033', '2025-09-04', '2026-03-03'),
(45, 474, 'S035', 'T051', '2025-02-26', '2025-03-28'),
(46, 276, 'S035', 'T062', '2025-05-28', '2025-11-24'),
(47, 144, 'S038', 'T067', '2025-08-26', '2026-02-22'),
(48, 19, 'S038', 'T038', '2025-12-24', '2026-03-24'),
(49, 405, 'S040', 'T035', '2024-08-15', '2025-02-11'),
(50, 199, 'S041', 'T046', '2025-09-28', '2025-10-28'),
(51, 649, 'S042', 'T032', '2024-06-23', '2024-07-23'),
(52, 343, 'S044', 'T049', '2025-03-21', '2025-09-17'),
(53, 500, 'S044', 'T053', '2024-10-19', '2025-04-17'),
(54, 716, 'S045', 'T040', '2024-02-02', '2024-03-03'),
(55, 718, 'S045', 'T040', '2024-08-21', '2024-11-19'),
(56, 368, 'S046', 'T070', '2025-05-15', '2025-11-11'),
(57, 406, 'S046', 'T073', '2025-07-05', '2026-01-01'),
(58, 64, 'S047', 'T042', '2024-05-15', '2024-08-13'),
(59, 51, 'S048', 'T044', '2025-09-15', '2025-10-15'),
(60, 562, 'S053', 'T051', '2024-03-04', '2024-08-31'),
(61, 528, 'S053', 'T035', '2024-04-20', '2024-07-19'),
(62, 185, 'S056', 'T042', '2025-09-15', '2025-12-14'),
(63, 502, 'S058', 'T053', '2025-12-19', '2026-06-17'),
(64, 378, 'S060', 'T060', '2024-12-02', '2025-05-31'),
(65, 565, 'S060', 'T078', '2025-03-27', '2025-09-23'),
(66, 299, 'S060', 'T033', '2024-08-11', '2024-09-10'),
(67, 108, 'S061', 'T042', '2025-12-24', '2026-06-22'),
(68, 715, 'S062', 'T055', '2025-09-13', '2025-12-12'),
(69, 522, 'S063', 'T069', '2025-10-16', '2026-01-14'),
(70, 395, 'S063', 'T051', '2025-05-23', '2025-06-22'),
(71, 125, 'S064', 'T044', '2025-05-04', '2025-08-02'),
(72, 232, 'S064', 'T068', '2025-03-10', '2025-06-08'),
(73, 239, 'S065', 'T046', '2025-12-16', '2026-03-16'),
(74, 28, 'S067', 'T067', '2024-01-18', '2024-07-16'),
(75, 333, 'S068', 'T053', '2025-08-06', '2025-09-05'),
(76, 395, 'S068', 'T069', '2024-06-10', '2024-12-07'),
(77, 495, 'S068', 'T033', '2025-05-07', '2025-06-06'),
(78, 737, 'S069', 'T043', '2024-01-24', '2024-04-23'),
(79, 744, 'S069', 'T045', '2024-10-28', '2024-11-27'),
(80, 655, 'S069', 'T054', '2025-11-04', '2025-12-04'),
(81, 170, 'S072', 'T044', '2024-01-22', '2024-04-21'),
(82, 106, 'S072', 'T068', '2025-12-04', '2026-06-02'),
(83, 151, 'S076', 'T068', '2024-07-12', '2024-08-11'),
(84, 138, 'S078', 'T038', '2024-01-25', '2024-02-24'),
(85, 557, 'S079', 'T062', '2024-04-03', '2024-05-03'),
(86, 519, 'S079', 'T069', '2024-03-17', '2024-04-16'),
(87, 714, 'S081', 'T055', '2024-06-21', '2024-09-19'),
(88, 693, 'S081', 'T043', '2024-05-28', '2024-06-27'),
(89, 456, 'S082', 'T080', '2024-07-08', '2025-01-04'),
(90, 283, 'S082', 'T035', '2025-02-18', '2025-05-19'),
(91, 694, 'S083', 'T043', '2025-05-01', '2025-05-31'),
(92, 691, 'S085', 'T032', '2025-06-07', '2025-07-07'),
(93, 609, 'S086', 'T032', '2025-09-19', '2025-10-19'),
(94, 127, 'S091', 'T044', '2024-09-18', '2024-10-18'),
(95, 30, 'S092', 'T042', '2024-04-07', '2024-05-07'),
(96, 713, 'S094', 'T055', '2024-11-01', '2025-01-30'),
(97, 737, 'S094', 'T043', '2024-09-02', '2024-12-01'),
(98, 717, 'S094', 'T040', '2025-01-03', '2025-04-03'),
(99, 404, 'S096', 'T070', '2024-10-05', '2024-11-04'),
(100, 217, 'S099', 'T057', '2025-10-25', '2025-11-24'),
(101, 721, 'S101', 'T055', '2025-02-25', '2025-08-24'),
(102, 698, 'S107', 'T054', '2024-03-14', '2024-04-13'),
(103, 30, 'S108', 'T042', '2025-01-13', '2025-02-12'),
(104, 537, 'S109', 'T033', '2025-07-09', '2025-08-08'),
(105, 32, 'S121', 'T068', '2025-11-04', '2025-12-04'),
(106, 135, 'S121', 'T071', '2024-06-18', '2024-07-18'),
(107, 442, 'S123', 'T079', '2024-04-09', '2024-05-09'),
(108, 338, 'S123', 'T080', '2025-04-15', '2025-07-14'),
(109, 513, 'S123', 'T079', '2025-10-13', '2026-04-11'),
(110, 286, 'S124', 'T073', '2024-06-04', '2024-12-01'),
(111, 180, 'S125', 'T057', '2025-07-20', '2025-08-19'),
(112, 473, 'S126', 'T079', '2024-06-01', '2024-11-28'),
(113, 687, 'S128', 'T032', '2025-02-15', '2025-05-16'),
(114, 290, 'S132', 'T070', '2025-11-22', '2026-05-21'),
(115, 198, 'S133', 'T046', '2024-02-21', '2024-03-22'),
(116, 612, 'S134', 'T032', '2024-11-12', '2025-02-10'),
(117, 738, 'S134', 'T043', '2024-07-21', '2024-08-20'),
(118, 737, 'S141', 'T054', '2024-09-20', '2024-10-20'),
(119, 58, 'S146', 'T057', '2024-07-17', '2024-08-16'),
(120, 586, 'S148', 'T045', '2024-07-04', '2024-08-03'),
(121, 681, 'S152', 'T040', '2024-05-23', '2024-08-21'),
(122, 295, 'S153', 'T060', '2024-04-24', '2024-10-21'),
(123, 561, 'S155', 'T069', '2025-06-19', '2025-07-19'),
(124, 320, 'S156', 'T051', '2025-01-08', '2025-02-07'),
(125, 243, 'S158', 'T078', '2025-12-24', '2026-06-22'),
(126, 364, 'S158', 'T070', '2025-01-05', '2025-04-05'),
(127, 30, 'S160', 'T068', '2024-03-15', '2024-04-14'),
(128, 221, 'S163', 'T071', '2024-02-15', '2024-05-15'),
(129, 34, 'S163', 'T046', '2024-04-05', '2024-05-05'),
(130, 28, 'S170', 'T068', '2024-05-18', '2024-06-17'),
(131, 662, 'S171', 'T054', '2024-04-19', '2024-05-19'),
(132, 85, 'S176', 'T044', '2024-12-14', '2025-01-13'),
(133, 748, 'S177', 'T045', '2024-03-24', '2024-06-22'),
(134, 277, 'S179', 'T062', '2025-02-24', '2025-05-25'),
(135, 614, 'S180', 'T054', '2025-07-12', '2025-10-10'),
(136, 739, 'S183', 'T043', '2025-03-02', '2025-04-01'),
(137, 292, 'S187', 'T035', '2025-09-14', '2025-10-14'),
(138, 260, 'S188', 'T053', '2024-02-25', '2024-08-23'),
(139, 341, 'S188', 'T033', '2024-07-03', '2024-08-02'),
(140, 724, 'S189', 'T032', '2025-12-26', '2026-03-26'),
(141, 152, 'S190', 'T042', '2024-10-25', '2024-11-24'),
(142, 227, 'S191', 'T068', '2025-07-21', '2025-10-19'),
(143, 581, 'S192', 'T043', '2025-12-08', '2026-03-08'),
(144, 333, 'S195', 'T060', '2025-06-06', '2025-09-04'),
(145, 289, 'S195', 'T070', '2024-07-02', '2024-09-30'),
(146, 406, 'S200', 'T073', '2024-12-01', '2025-05-30'),
(147, 450, 'S200', 'T078', '2024-10-23', '2025-01-21'),
(148, 625, 'S204', 'T045', '2024-08-26', '2024-09-25'),
(149, 434, 'S205', 'T069', '2025-09-07', '2025-10-07'),
(150, 328, 'S206', 'T070', '2024-05-10', '2024-06-09');

-- --------------------------------------------------------

--
-- Struktur dari tabel `kelas_pendaftaran`
--

CREATE TABLE `kelas_pendaftaran` (
  `kelas_id` bigint(20) NOT NULL,
  `mapel_id` varchar(20) NOT NULL,
  `jenjang` enum('sd1','sd2','sd3','sd4','sd5','sd6','smp1','smp2','smp3','sma1','sma2','sma3') NOT NULL,
  `deskripsi` text DEFAULT NULL,
  `harga` decimal(10,2) NOT NULL,
  `jadwal_id` bigint(20) NOT NULL
) ENGINE=InnoDB DEFAULT CHARSET=utf8mb4 COLLATE=utf8mb4_general_ci;

--
-- Dumping data untuk tabel `kelas_pendaftaran`
--

INSERT INTO `kelas_pendaftaran` (`kelas_id`, `mapel_id`, `jenjang`, `deskripsi`, `harga`, `jadwal_id`) VALUES
(3, 'sd1_001', 'sd1', 'Kelas Matematika untuk jenjang SD1', 100000.00, 12),
(4, 'sd1_001', 'sd1', 'Kelas Matematika untuk jenjang SD1', 100000.00, 13),
(5, 'sd1_001', 'sd1', 'Kelas Matematika untuk jenjang SD1', 100000.00, 14),
(6, 'sd1_001', 'sd1', 'Kelas Matematika untuk jenjang SD1', 100000.00, 15),
(7, 'sd1_001', 'sd1', 'Kelas Matematika untuk jenjang SD1', 100000.00, 16),
(8, 'sd1_001', 'sd1', 'Kelas Matematika untuk jenjang SD1', 100000.00, 17),
(9, 'sd1_001', 'sd1', 'Kelas Matematika untuk jenjang SD1', 100000.00, 18),
(10, 'sd1_001', 'sd1', 'Kelas Matematika untuk jenjang SD1', 100000.00, 19),
(11, 'sd1_001', 'sd1', 'Kelas Matematika untuk jenjang SD1', 100000.00, 20),
(12, 'sd1_001', 'sd1', 'Kelas Matematika untuk jenjang SD1', 100000.00, 21),
(13, 'sd1_002', 'sd1', 'Kelas IPAS untuk jenjang SD1', 100000.00, 12),
(14, 'sd1_002', 'sd1', 'Kelas IPAS untuk jenjang SD1', 100000.00, 13),
(15, 'sd1_002', 'sd1', 'Kelas IPAS untuk jenjang SD1', 100000.00, 14),
(16, 'sd1_002', 'sd1', 'Kelas IPAS untuk jenjang SD1', 100000.00, 15),
(17, 'sd1_002', 'sd1', 'Kelas IPAS untuk jenjang SD1', 100000.00, 16),
(18, 'sd1_002', 'sd1', 'Kelas IPAS untuk jenjang SD1', 100000.00, 17),
(19, 'sd1_002', 'sd1', 'Kelas IPAS untuk jenjang SD1', 100000.00, 18),
(20, 'sd1_002', 'sd1', 'Kelas IPAS untuk jenjang SD1', 100000.00, 19),
(21, 'sd1_002', 'sd1', 'Kelas IPAS untuk jenjang SD1', 100000.00, 20),
(22, 'sd1_002', 'sd1', 'Kelas IPAS untuk jenjang SD1', 100000.00, 21),
(23, 'sd1_003', 'sd1', 'Kelas Bahasa Indonesia untuk jenjang SD1', 100000.00, 12),
(24, 'sd1_003', 'sd1', 'Kelas Bahasa Indonesia untuk jenjang SD1', 100000.00, 13),
(25, 'sd1_003', 'sd1', 'Kelas Bahasa Indonesia untuk jenjang SD1', 100000.00, 14),
(26, 'sd1_003', 'sd1', 'Kelas Bahasa Indonesia untuk jenjang SD1', 100000.00, 15),
(27, 'sd1_003', 'sd1', 'Kelas Bahasa Indonesia untuk jenjang SD1', 100000.00, 16),
(28, 'sd1_003', 'sd1', 'Kelas Bahasa Indonesia untuk jenjang SD1', 100000.00, 17),
(29, 'sd1_003', 'sd1', 'Kelas Bahasa Indonesia untuk jenjang SD1', 100000.00, 18),
(30, 'sd1_003', 'sd1', 'Kelas Bahasa Indonesia untuk jenjang SD1', 100000.00, 19),
(31, 'sd1_003', 'sd1', 'Kelas Bahasa Indonesia untuk jenjang SD1', 100000.00, 20),
(32, 'sd1_003', 'sd1', 'Kelas Bahasa Indonesia untuk jenjang SD1', 100000.00, 21),
(33, 'sd1_004', 'sd1', 'Kelas Bahasa Inggris untuk jenjang SD1', 100000.00, 12),
(34, 'sd1_004', 'sd1', 'Kelas Bahasa Inggris untuk jenjang SD1', 100000.00, 13),
(35, 'sd1_004', 'sd1', 'Kelas Bahasa Inggris untuk jenjang SD1', 100000.00, 14),
(36, 'sd1_004', 'sd1', 'Kelas Bahasa Inggris untuk jenjang SD1', 100000.00, 15),
(37, 'sd1_004', 'sd1', 'Kelas Bahasa Inggris untuk jenjang SD1', 100000.00, 16),
(38, 'sd1_004', 'sd1', 'Kelas Bahasa Inggris untuk jenjang SD1', 100000.00, 17),
(39, 'sd1_004', 'sd1', 'Kelas Bahasa Inggris untuk jenjang SD1', 100000.00, 18),
(40, 'sd1_004', 'sd1', 'Kelas Bahasa Inggris untuk jenjang SD1', 100000.00, 19),
(41, 'sd1_004', 'sd1', 'Kelas Bahasa Inggris untuk jenjang SD1', 100000.00, 20),
(42, 'sd1_004', 'sd1', 'Kelas Bahasa Inggris untuk jenjang SD1', 100000.00, 21),
(43, 'sd2_001', 'sd2', 'Kelas Matematika untuk jenjang SD2', 100000.00, 12),
(44, 'sd2_001', 'sd2', 'Kelas Matematika untuk jenjang SD2', 100000.00, 13),
(45, 'sd2_001', 'sd2', 'Kelas Matematika untuk jenjang SD2', 100000.00, 14),
(46, 'sd2_001', 'sd2', 'Kelas Matematika untuk jenjang SD2', 100000.00, 15),
(47, 'sd2_001', 'sd2', 'Kelas Matematika untuk jenjang SD2', 100000.00, 16),
(48, 'sd2_001', 'sd2', 'Kelas Matematika untuk jenjang SD2', 100000.00, 17),
(49, 'sd2_001', 'sd2', 'Kelas Matematika untuk jenjang SD2', 100000.00, 18),
(50, 'sd2_001', 'sd2', 'Kelas Matematika untuk jenjang SD2', 100000.00, 19),
(51, 'sd2_001', 'sd2', 'Kelas Matematika untuk jenjang SD2', 100000.00, 20),
(52, 'sd2_001', 'sd2', 'Kelas Matematika untuk jenjang SD2', 100000.00, 21),
(53, 'sd2_002', 'sd2', 'Kelas IPAS untuk jenjang SD2', 100000.00, 12),
(54, 'sd2_002', 'sd2', 'Kelas IPAS untuk jenjang SD2', 100000.00, 13),
(55, 'sd2_002', 'sd2', 'Kelas IPAS untuk jenjang SD2', 100000.00, 14),
(56, 'sd2_002', 'sd2', 'Kelas IPAS untuk jenjang SD2', 100000.00, 15),
(57, 'sd2_002', 'sd2', 'Kelas IPAS untuk jenjang SD2', 100000.00, 16),
(58, 'sd2_002', 'sd2', 'Kelas IPAS untuk jenjang SD2', 100000.00, 17),
(59, 'sd2_002', 'sd2', 'Kelas IPAS untuk jenjang SD2', 100000.00, 18),
(60, 'sd2_002', 'sd2', 'Kelas IPAS untuk jenjang SD2', 100000.00, 19),
(61, 'sd2_002', 'sd2', 'Kelas IPAS untuk jenjang SD2', 100000.00, 20),
(62, 'sd2_002', 'sd2', 'Kelas IPAS untuk jenjang SD2', 100000.00, 21),
(63, 'sd2_003', 'sd2', 'Kelas Bahasa Indonesia untuk jenjang SD2', 100000.00, 12),
(64, 'sd2_003', 'sd2', 'Kelas Bahasa Indonesia untuk jenjang SD2', 100000.00, 13),
(65, 'sd2_003', 'sd2', 'Kelas Bahasa Indonesia untuk jenjang SD2', 100000.00, 14),
(66, 'sd2_003', 'sd2', 'Kelas Bahasa Indonesia untuk jenjang SD2', 100000.00, 15),
(67, 'sd2_003', 'sd2', 'Kelas Bahasa Indonesia untuk jenjang SD2', 100000.00, 16),
(68, 'sd2_003', 'sd2', 'Kelas Bahasa Indonesia untuk jenjang SD2', 100000.00, 17),
(69, 'sd2_003', 'sd2', 'Kelas Bahasa Indonesia untuk jenjang SD2', 100000.00, 18),
(70, 'sd2_003', 'sd2', 'Kelas Bahasa Indonesia untuk jenjang SD2', 100000.00, 19),
(71, 'sd2_003', 'sd2', 'Kelas Bahasa Indonesia untuk jenjang SD2', 100000.00, 20),
(72, 'sd2_003', 'sd2', 'Kelas Bahasa Indonesia untuk jenjang SD2', 100000.00, 21),
(73, 'sd2_004', 'sd2', 'Kelas Bahasa Inggris untuk jenjang SD2', 100000.00, 12),
(74, 'sd2_004', 'sd2', 'Kelas Bahasa Inggris untuk jenjang SD2', 100000.00, 13),
(75, 'sd2_004', 'sd2', 'Kelas Bahasa Inggris untuk jenjang SD2', 100000.00, 14),
(76, 'sd2_004', 'sd2', 'Kelas Bahasa Inggris untuk jenjang SD2', 100000.00, 15),
(77, 'sd2_004', 'sd2', 'Kelas Bahasa Inggris untuk jenjang SD2', 100000.00, 16),
(78, 'sd2_004', 'sd2', 'Kelas Bahasa Inggris untuk jenjang SD2', 100000.00, 17),
(79, 'sd2_004', 'sd2', 'Kelas Bahasa Inggris untuk jenjang SD2', 100000.00, 18),
(80, 'sd2_004', 'sd2', 'Kelas Bahasa Inggris untuk jenjang SD2', 100000.00, 19),
(81, 'sd2_004', 'sd2', 'Kelas Bahasa Inggris untuk jenjang SD2', 100000.00, 20),
(82, 'sd2_004', 'sd2', 'Kelas Bahasa Inggris untuk jenjang SD2', 100000.00, 21),
(83, 'sd3_001', 'sd3', 'Kelas Matematika untuk jenjang SD3', 100000.00, 12),
(84, 'sd3_001', 'sd3', 'Kelas Matematika untuk jenjang SD3', 100000.00, 13),
(85, 'sd3_001', 'sd3', 'Kelas Matematika untuk jenjang SD3', 100000.00, 14),
(86, 'sd3_001', 'sd3', 'Kelas Matematika untuk jenjang SD3', 100000.00, 15),
(87, 'sd3_001', 'sd3', 'Kelas Matematika untuk jenjang SD3', 100000.00, 16),
(88, 'sd3_001', 'sd3', 'Kelas Matematika untuk jenjang SD3', 100000.00, 17),
(89, 'sd3_001', 'sd3', 'Kelas Matematika untuk jenjang SD3', 100000.00, 18),
(90, 'sd3_001', 'sd3', 'Kelas Matematika untuk jenjang SD3', 100000.00, 19),
(91, 'sd3_001', 'sd3', 'Kelas Matematika untuk jenjang SD3', 100000.00, 20),
(92, 'sd3_001', 'sd3', 'Kelas Matematika untuk jenjang SD3', 100000.00, 21),
(93, 'sd3_002', 'sd3', 'Kelas IPAS untuk jenjang SD3', 100000.00, 12),
(94, 'sd3_002', 'sd3', 'Kelas IPAS untuk jenjang SD3', 100000.00, 13),
(95, 'sd3_002', 'sd3', 'Kelas IPAS untuk jenjang SD3', 100000.00, 14),
(96, 'sd3_002', 'sd3', 'Kelas IPAS untuk jenjang SD3', 100000.00, 15),
(97, 'sd3_002', 'sd3', 'Kelas IPAS untuk jenjang SD3', 100000.00, 16),
(98, 'sd3_002', 'sd3', 'Kelas IPAS untuk jenjang SD3', 100000.00, 17),
(99, 'sd3_002', 'sd3', 'Kelas IPAS untuk jenjang SD3', 100000.00, 18),
(100, 'sd3_002', 'sd3', 'Kelas IPAS untuk jenjang SD3', 100000.00, 19),
(101, 'sd3_002', 'sd3', 'Kelas IPAS untuk jenjang SD3', 100000.00, 20),
(102, 'sd3_002', 'sd3', 'Kelas IPAS untuk jenjang SD3', 100000.00, 21),
(103, 'sd3_003', 'sd3', 'Kelas Bahasa Indonesia untuk jenjang SD3', 100000.00, 12),
(104, 'sd3_003', 'sd3', 'Kelas Bahasa Indonesia untuk jenjang SD3', 100000.00, 13),
(105, 'sd3_003', 'sd3', 'Kelas Bahasa Indonesia untuk jenjang SD3', 100000.00, 14),
(106, 'sd3_003', 'sd3', 'Kelas Bahasa Indonesia untuk jenjang SD3', 100000.00, 15),
(107, 'sd3_003', 'sd3', 'Kelas Bahasa Indonesia untuk jenjang SD3', 100000.00, 16),
(108, 'sd3_003', 'sd3', 'Kelas Bahasa Indonesia untuk jenjang SD3', 100000.00, 17),
(109, 'sd3_003', 'sd3', 'Kelas Bahasa Indonesia untuk jenjang SD3', 100000.00, 18),
(110, 'sd3_003', 'sd3', 'Kelas Bahasa Indonesia untuk jenjang SD3', 100000.00, 19),
(111, 'sd3_003', 'sd3', 'Kelas Bahasa Indonesia untuk jenjang SD3', 100000.00, 20),
(112, 'sd3_003', 'sd3', 'Kelas Bahasa Indonesia untuk jenjang SD3', 100000.00, 21),
(113, 'sd3_004', 'sd3', 'Kelas Bahasa Inggris untuk jenjang SD3', 100000.00, 12),
(114, 'sd3_004', 'sd3', 'Kelas Bahasa Inggris untuk jenjang SD3', 100000.00, 13),
(115, 'sd3_004', 'sd3', 'Kelas Bahasa Inggris untuk jenjang SD3', 100000.00, 14),
(116, 'sd3_004', 'sd3', 'Kelas Bahasa Inggris untuk jenjang SD3', 100000.00, 15),
(117, 'sd3_004', 'sd3', 'Kelas Bahasa Inggris untuk jenjang SD3', 100000.00, 16),
(118, 'sd3_004', 'sd3', 'Kelas Bahasa Inggris untuk jenjang SD3', 100000.00, 17),
(119, 'sd3_004', 'sd3', 'Kelas Bahasa Inggris untuk jenjang SD3', 100000.00, 18),
(120, 'sd3_004', 'sd3', 'Kelas Bahasa Inggris untuk jenjang SD3', 100000.00, 19),
(121, 'sd3_004', 'sd3', 'Kelas Bahasa Inggris untuk jenjang SD3', 100000.00, 20),
(122, 'sd3_004', 'sd3', 'Kelas Bahasa Inggris untuk jenjang SD3', 100000.00, 21),
(123, 'sd4_001', 'sd4', 'Kelas Matematika untuk jenjang SD4', 100000.00, 12),
(124, 'sd4_001', 'sd4', 'Kelas Matematika untuk jenjang SD4', 100000.00, 13),
(125, 'sd4_001', 'sd4', 'Kelas Matematika untuk jenjang SD4', 100000.00, 14),
(126, 'sd4_001', 'sd4', 'Kelas Matematika untuk jenjang SD4', 100000.00, 15),
(127, 'sd4_001', 'sd4', 'Kelas Matematika untuk jenjang SD4', 100000.00, 16),
(128, 'sd4_001', 'sd4', 'Kelas Matematika untuk jenjang SD4', 100000.00, 17),
(129, 'sd4_001', 'sd4', 'Kelas Matematika untuk jenjang SD4', 100000.00, 18),
(130, 'sd4_001', 'sd4', 'Kelas Matematika untuk jenjang SD4', 100000.00, 19),
(131, 'sd4_001', 'sd4', 'Kelas Matematika untuk jenjang SD4', 100000.00, 20),
(132, 'sd4_001', 'sd4', 'Kelas Matematika untuk jenjang SD4', 100000.00, 21),
(133, 'sd4_002', 'sd4', 'Kelas IPAS untuk jenjang SD4', 100000.00, 12),
(134, 'sd4_002', 'sd4', 'Kelas IPAS untuk jenjang SD4', 100000.00, 13),
(135, 'sd4_002', 'sd4', 'Kelas IPAS untuk jenjang SD4', 100000.00, 14),
(136, 'sd4_002', 'sd4', 'Kelas IPAS untuk jenjang SD4', 100000.00, 15),
(137, 'sd4_002', 'sd4', 'Kelas IPAS untuk jenjang SD4', 100000.00, 16),
(138, 'sd4_002', 'sd4', 'Kelas IPAS untuk jenjang SD4', 100000.00, 17),
(139, 'sd4_002', 'sd4', 'Kelas IPAS untuk jenjang SD4', 100000.00, 18),
(140, 'sd4_002', 'sd4', 'Kelas IPAS untuk jenjang SD4', 100000.00, 19),
(141, 'sd4_002', 'sd4', 'Kelas IPAS untuk jenjang SD4', 100000.00, 20),
(142, 'sd4_002', 'sd4', 'Kelas IPAS untuk jenjang SD4', 100000.00, 21),
(143, 'sd4_003', 'sd4', 'Kelas Bahasa Indonesia untuk jenjang SD4', 100000.00, 12),
(144, 'sd4_003', 'sd4', 'Kelas Bahasa Indonesia untuk jenjang SD4', 100000.00, 13),
(145, 'sd4_003', 'sd4', 'Kelas Bahasa Indonesia untuk jenjang SD4', 100000.00, 14),
(146, 'sd4_003', 'sd4', 'Kelas Bahasa Indonesia untuk jenjang SD4', 100000.00, 15),
(147, 'sd4_003', 'sd4', 'Kelas Bahasa Indonesia untuk jenjang SD4', 100000.00, 16),
(148, 'sd4_003', 'sd4', 'Kelas Bahasa Indonesia untuk jenjang SD4', 100000.00, 17),
(149, 'sd4_003', 'sd4', 'Kelas Bahasa Indonesia untuk jenjang SD4', 100000.00, 18),
(150, 'sd4_003', 'sd4', 'Kelas Bahasa Indonesia untuk jenjang SD4', 100000.00, 19),
(151, 'sd4_003', 'sd4', 'Kelas Bahasa Indonesia untuk jenjang SD4', 100000.00, 20),
(152, 'sd4_003', 'sd4', 'Kelas Bahasa Indonesia untuk jenjang SD4', 100000.00, 21),
(153, 'sd4_004', 'sd4', 'Kelas Bahasa Inggris untuk jenjang SD4', 100000.00, 12),
(154, 'sd4_004', 'sd4', 'Kelas Bahasa Inggris untuk jenjang SD4', 100000.00, 13),
(155, 'sd4_004', 'sd4', 'Kelas Bahasa Inggris untuk jenjang SD4', 100000.00, 14),
(156, 'sd4_004', 'sd4', 'Kelas Bahasa Inggris untuk jenjang SD4', 100000.00, 15),
(157, 'sd4_004', 'sd4', 'Kelas Bahasa Inggris untuk jenjang SD4', 100000.00, 16),
(158, 'sd4_004', 'sd4', 'Kelas Bahasa Inggris untuk jenjang SD4', 100000.00, 17),
(159, 'sd4_004', 'sd4', 'Kelas Bahasa Inggris untuk jenjang SD4', 100000.00, 18),
(160, 'sd4_004', 'sd4', 'Kelas Bahasa Inggris untuk jenjang SD4', 100000.00, 19),
(161, 'sd4_004', 'sd4', 'Kelas Bahasa Inggris untuk jenjang SD4', 100000.00, 20),
(162, 'sd4_004', 'sd4', 'Kelas Bahasa Inggris untuk jenjang SD4', 100000.00, 21),
(163, 'sd5_001', 'sd5', 'Kelas Matematika untuk jenjang SD5', 100000.00, 12),
(164, 'sd5_001', 'sd5', 'Kelas Matematika untuk jenjang SD5', 100000.00, 13),
(165, 'sd5_001', 'sd5', 'Kelas Matematika untuk jenjang SD5', 100000.00, 14),
(166, 'sd5_001', 'sd5', 'Kelas Matematika untuk jenjang SD5', 100000.00, 15),
(167, 'sd5_001', 'sd5', 'Kelas Matematika untuk jenjang SD5', 100000.00, 16),
(168, 'sd5_001', 'sd5', 'Kelas Matematika untuk jenjang SD5', 100000.00, 17),
(169, 'sd5_001', 'sd5', 'Kelas Matematika untuk jenjang SD5', 100000.00, 18),
(170, 'sd5_001', 'sd5', 'Kelas Matematika untuk jenjang SD5', 100000.00, 19),
(171, 'sd5_001', 'sd5', 'Kelas Matematika untuk jenjang SD5', 100000.00, 20),
(172, 'sd5_001', 'sd5', 'Kelas Matematika untuk jenjang SD5', 100000.00, 21),
(173, 'sd5_002', 'sd5', 'Kelas IPAS untuk jenjang SD5', 100000.00, 12),
(174, 'sd5_002', 'sd5', 'Kelas IPAS untuk jenjang SD5', 100000.00, 13),
(175, 'sd5_002', 'sd5', 'Kelas IPAS untuk jenjang SD5', 100000.00, 14),
(176, 'sd5_002', 'sd5', 'Kelas IPAS untuk jenjang SD5', 100000.00, 15),
(177, 'sd5_002', 'sd5', 'Kelas IPAS untuk jenjang SD5', 100000.00, 16),
(178, 'sd5_002', 'sd5', 'Kelas IPAS untuk jenjang SD5', 100000.00, 17),
(179, 'sd5_002', 'sd5', 'Kelas IPAS untuk jenjang SD5', 100000.00, 18),
(180, 'sd5_002', 'sd5', 'Kelas IPAS untuk jenjang SD5', 100000.00, 19),
(181, 'sd5_002', 'sd5', 'Kelas IPAS untuk jenjang SD5', 100000.00, 20),
(182, 'sd5_002', 'sd5', 'Kelas IPAS untuk jenjang SD5', 100000.00, 21),
(183, 'sd5_003', 'sd5', 'Kelas Bahasa Indonesia untuk jenjang SD5', 100000.00, 12),
(184, 'sd5_003', 'sd5', 'Kelas Bahasa Indonesia untuk jenjang SD5', 100000.00, 13),
(185, 'sd5_003', 'sd5', 'Kelas Bahasa Indonesia untuk jenjang SD5', 100000.00, 14),
(186, 'sd5_003', 'sd5', 'Kelas Bahasa Indonesia untuk jenjang SD5', 100000.00, 15),
(187, 'sd5_003', 'sd5', 'Kelas Bahasa Indonesia untuk jenjang SD5', 100000.00, 16),
(188, 'sd5_003', 'sd5', 'Kelas Bahasa Indonesia untuk jenjang SD5', 100000.00, 17),
(189, 'sd5_003', 'sd5', 'Kelas Bahasa Indonesia untuk jenjang SD5', 100000.00, 18),
(190, 'sd5_003', 'sd5', 'Kelas Bahasa Indonesia untuk jenjang SD5', 100000.00, 19),
(191, 'sd5_003', 'sd5', 'Kelas Bahasa Indonesia untuk jenjang SD5', 100000.00, 20),
(192, 'sd5_003', 'sd5', 'Kelas Bahasa Indonesia untuk jenjang SD5', 100000.00, 21),
(193, 'sd5_004', 'sd5', 'Kelas Bahasa Inggris untuk jenjang SD5', 100000.00, 12),
(194, 'sd5_004', 'sd5', 'Kelas Bahasa Inggris untuk jenjang SD5', 100000.00, 13),
(195, 'sd5_004', 'sd5', 'Kelas Bahasa Inggris untuk jenjang SD5', 100000.00, 14),
(196, 'sd5_004', 'sd5', 'Kelas Bahasa Inggris untuk jenjang SD5', 100000.00, 15),
(197, 'sd5_004', 'sd5', 'Kelas Bahasa Inggris untuk jenjang SD5', 100000.00, 16),
(198, 'sd5_004', 'sd5', 'Kelas Bahasa Inggris untuk jenjang SD5', 100000.00, 17),
(199, 'sd5_004', 'sd5', 'Kelas Bahasa Inggris untuk jenjang SD5', 100000.00, 18),
(200, 'sd5_004', 'sd5', 'Kelas Bahasa Inggris untuk jenjang SD5', 100000.00, 19),
(201, 'sd5_004', 'sd5', 'Kelas Bahasa Inggris untuk jenjang SD5', 100000.00, 20),
(202, 'sd5_004', 'sd5', 'Kelas Bahasa Inggris untuk jenjang SD5', 100000.00, 21),
(203, 'sd6_001', 'sd6', 'Kelas Matematika untuk jenjang SD6', 100000.00, 12),
(204, 'sd6_001', 'sd6', 'Kelas Matematika untuk jenjang SD6', 100000.00, 13),
(205, 'sd6_001', 'sd6', 'Kelas Matematika untuk jenjang SD6', 100000.00, 14),
(206, 'sd6_001', 'sd6', 'Kelas Matematika untuk jenjang SD6', 100000.00, 15),
(207, 'sd6_001', 'sd6', 'Kelas Matematika untuk jenjang SD6', 100000.00, 16),
(208, 'sd6_001', 'sd6', 'Kelas Matematika untuk jenjang SD6', 100000.00, 17),
(209, 'sd6_001', 'sd6', 'Kelas Matematika untuk jenjang SD6', 100000.00, 18),
(210, 'sd6_001', 'sd6', 'Kelas Matematika untuk jenjang SD6', 100000.00, 19),
(211, 'sd6_001', 'sd6', 'Kelas Matematika untuk jenjang SD6', 100000.00, 20),
(212, 'sd6_001', 'sd6', 'Kelas Matematika untuk jenjang SD6', 100000.00, 21),
(213, 'sd6_002', 'sd6', 'Kelas IPAS untuk jenjang SD6', 100000.00, 12),
(214, 'sd6_002', 'sd6', 'Kelas IPAS untuk jenjang SD6', 100000.00, 13),
(215, 'sd6_002', 'sd6', 'Kelas IPAS untuk jenjang SD6', 100000.00, 14),
(216, 'sd6_002', 'sd6', 'Kelas IPAS untuk jenjang SD6', 100000.00, 15),
(217, 'sd6_002', 'sd6', 'Kelas IPAS untuk jenjang SD6', 100000.00, 16),
(218, 'sd6_002', 'sd6', 'Kelas IPAS untuk jenjang SD6', 100000.00, 17),
(219, 'sd6_002', 'sd6', 'Kelas IPAS untuk jenjang SD6', 100000.00, 18),
(220, 'sd6_002', 'sd6', 'Kelas IPAS untuk jenjang SD6', 100000.00, 19),
(221, 'sd6_002', 'sd6', 'Kelas IPAS untuk jenjang SD6', 100000.00, 20),
(222, 'sd6_002', 'sd6', 'Kelas IPAS untuk jenjang SD6', 100000.00, 21),
(223, 'sd6_003', 'sd6', 'Kelas Bahasa Indonesia untuk jenjang SD6', 100000.00, 12),
(224, 'sd6_003', 'sd6', 'Kelas Bahasa Indonesia untuk jenjang SD6', 100000.00, 13),
(225, 'sd6_003', 'sd6', 'Kelas Bahasa Indonesia untuk jenjang SD6', 100000.00, 14),
(226, 'sd6_003', 'sd6', 'Kelas Bahasa Indonesia untuk jenjang SD6', 100000.00, 15),
(227, 'sd6_003', 'sd6', 'Kelas Bahasa Indonesia untuk jenjang SD6', 100000.00, 16),
(228, 'sd6_003', 'sd6', 'Kelas Bahasa Indonesia untuk jenjang SD6', 100000.00, 17),
(229, 'sd6_003', 'sd6', 'Kelas Bahasa Indonesia untuk jenjang SD6', 100000.00, 18),
(230, 'sd6_003', 'sd6', 'Kelas Bahasa Indonesia untuk jenjang SD6', 100000.00, 19),
(231, 'sd6_003', 'sd6', 'Kelas Bahasa Indonesia untuk jenjang SD6', 100000.00, 20),
(232, 'sd6_003', 'sd6', 'Kelas Bahasa Indonesia untuk jenjang SD6', 100000.00, 21),
(233, 'sd6_004', 'sd6', 'Kelas Bahasa Inggris untuk jenjang SD6', 100000.00, 12),
(234, 'sd6_004', 'sd6', 'Kelas Bahasa Inggris untuk jenjang SD6', 100000.00, 13),
(235, 'sd6_004', 'sd6', 'Kelas Bahasa Inggris untuk jenjang SD6', 100000.00, 14),
(236, 'sd6_004', 'sd6', 'Kelas Bahasa Inggris untuk jenjang SD6', 100000.00, 15),
(237, 'sd6_004', 'sd6', 'Kelas Bahasa Inggris untuk jenjang SD6', 100000.00, 16),
(238, 'sd6_004', 'sd6', 'Kelas Bahasa Inggris untuk jenjang SD6', 100000.00, 17),
(239, 'sd6_004', 'sd6', 'Kelas Bahasa Inggris untuk jenjang SD6', 100000.00, 18),
(240, 'sd6_004', 'sd6', 'Kelas Bahasa Inggris untuk jenjang SD6', 100000.00, 19),
(241, 'sd6_004', 'sd6', 'Kelas Bahasa Inggris untuk jenjang SD6', 100000.00, 20),
(242, 'sd6_004', 'sd6', 'Kelas Bahasa Inggris untuk jenjang SD6', 100000.00, 21),
(243, 'sma1_001', 'sma1', 'Kelas Matematika untuk jenjang SMA1', 200000.00, 12),
(244, 'sma1_001', 'sma1', 'Kelas Matematika untuk jenjang SMA1', 200000.00, 13),
(245, 'sma1_001', 'sma1', 'Kelas Matematika untuk jenjang SMA1', 200000.00, 14),
(246, 'sma1_001', 'sma1', 'Kelas Matematika untuk jenjang SMA1', 200000.00, 15),
(247, 'sma1_001', 'sma1', 'Kelas Matematika untuk jenjang SMA1', 200000.00, 16),
(248, 'sma1_001', 'sma1', 'Kelas Matematika untuk jenjang SMA1', 200000.00, 17),
(249, 'sma1_001', 'sma1', 'Kelas Matematika untuk jenjang SMA1', 200000.00, 18),
(250, 'sma1_001', 'sma1', 'Kelas Matematika untuk jenjang SMA1', 200000.00, 19),
(251, 'sma1_001', 'sma1', 'Kelas Matematika untuk jenjang SMA1', 200000.00, 20),
(252, 'sma1_001', 'sma1', 'Kelas Matematika untuk jenjang SMA1', 200000.00, 21),
(253, 'sma1_002', 'sma1', 'Kelas Bahasa Indonesia untuk jenjang SMA1', 200000.00, 12),
(254, 'sma1_002', 'sma1', 'Kelas Bahasa Indonesia untuk jenjang SMA1', 200000.00, 13),
(255, 'sma1_002', 'sma1', 'Kelas Bahasa Indonesia untuk jenjang SMA1', 200000.00, 14),
(256, 'sma1_002', 'sma1', 'Kelas Bahasa Indonesia untuk jenjang SMA1', 200000.00, 15),
(257, 'sma1_002', 'sma1', 'Kelas Bahasa Indonesia untuk jenjang SMA1', 200000.00, 16),
(258, 'sma1_002', 'sma1', 'Kelas Bahasa Indonesia untuk jenjang SMA1', 200000.00, 17),
(259, 'sma1_002', 'sma1', 'Kelas Bahasa Indonesia untuk jenjang SMA1', 200000.00, 18),
(260, 'sma1_002', 'sma1', 'Kelas Bahasa Indonesia untuk jenjang SMA1', 200000.00, 19),
(261, 'sma1_002', 'sma1', 'Kelas Bahasa Indonesia untuk jenjang SMA1', 200000.00, 20),
(262, 'sma1_002', 'sma1', 'Kelas Bahasa Indonesia untuk jenjang SMA1', 200000.00, 21),
(263, 'sma1_003', 'sma1', 'Kelas Bahasa Inggris untuk jenjang SMA1', 200000.00, 12),
(264, 'sma1_003', 'sma1', 'Kelas Bahasa Inggris untuk jenjang SMA1', 200000.00, 13),
(265, 'sma1_003', 'sma1', 'Kelas Bahasa Inggris untuk jenjang SMA1', 200000.00, 14),
(266, 'sma1_003', 'sma1', 'Kelas Bahasa Inggris untuk jenjang SMA1', 200000.00, 15),
(267, 'sma1_003', 'sma1', 'Kelas Bahasa Inggris untuk jenjang SMA1', 200000.00, 16),
(268, 'sma1_003', 'sma1', 'Kelas Bahasa Inggris untuk jenjang SMA1', 200000.00, 17),
(269, 'sma1_003', 'sma1', 'Kelas Bahasa Inggris untuk jenjang SMA1', 200000.00, 18),
(270, 'sma1_003', 'sma1', 'Kelas Bahasa Inggris untuk jenjang SMA1', 200000.00, 19),
(271, 'sma1_003', 'sma1', 'Kelas Bahasa Inggris untuk jenjang SMA1', 200000.00, 20),
(272, 'sma1_003', 'sma1', 'Kelas Bahasa Inggris untuk jenjang SMA1', 200000.00, 21),
(273, 'sma1_004', 'sma1', 'Kelas Biologi untuk jenjang SMA1', 200000.00, 12),
(274, 'sma1_004', 'sma1', 'Kelas Biologi untuk jenjang SMA1', 200000.00, 13),
(275, 'sma1_004', 'sma1', 'Kelas Biologi untuk jenjang SMA1', 200000.00, 14),
(276, 'sma1_004', 'sma1', 'Kelas Biologi untuk jenjang SMA1', 200000.00, 15),
(277, 'sma1_004', 'sma1', 'Kelas Biologi untuk jenjang SMA1', 200000.00, 16),
(278, 'sma1_004', 'sma1', 'Kelas Biologi untuk jenjang SMA1', 200000.00, 17),
(279, 'sma1_004', 'sma1', 'Kelas Biologi untuk jenjang SMA1', 200000.00, 18),
(280, 'sma1_004', 'sma1', 'Kelas Biologi untuk jenjang SMA1', 200000.00, 19),
(281, 'sma1_004', 'sma1', 'Kelas Biologi untuk jenjang SMA1', 200000.00, 20),
(282, 'sma1_004', 'sma1', 'Kelas Biologi untuk jenjang SMA1', 200000.00, 21),
(283, 'sma1_005', 'sma1', 'Kelas Fisika untuk jenjang SMA1', 200000.00, 12),
(284, 'sma1_005', 'sma1', 'Kelas Fisika untuk jenjang SMA1', 200000.00, 13),
(285, 'sma1_005', 'sma1', 'Kelas Fisika untuk jenjang SMA1', 200000.00, 14),
(286, 'sma1_005', 'sma1', 'Kelas Fisika untuk jenjang SMA1', 200000.00, 15),
(287, 'sma1_005', 'sma1', 'Kelas Fisika untuk jenjang SMA1', 200000.00, 16),
(288, 'sma1_005', 'sma1', 'Kelas Fisika untuk jenjang SMA1', 200000.00, 17),
(289, 'sma1_005', 'sma1', 'Kelas Fisika untuk jenjang SMA1', 200000.00, 18),
(290, 'sma1_005', 'sma1', 'Kelas Fisika untuk jenjang SMA1', 200000.00, 19),
(291, 'sma1_005', 'sma1', 'Kelas Fisika untuk jenjang SMA1', 200000.00, 20),
(292, 'sma1_005', 'sma1', 'Kelas Fisika untuk jenjang SMA1', 200000.00, 21),
(293, 'sma1_006', 'sma1', 'Kelas Kimia untuk jenjang SMA1', 200000.00, 12),
(294, 'sma1_006', 'sma1', 'Kelas Kimia untuk jenjang SMA1', 200000.00, 13),
(295, 'sma1_006', 'sma1', 'Kelas Kimia untuk jenjang SMA1', 200000.00, 14),
(296, 'sma1_006', 'sma1', 'Kelas Kimia untuk jenjang SMA1', 200000.00, 15),
(297, 'sma1_006', 'sma1', 'Kelas Kimia untuk jenjang SMA1', 200000.00, 16),
(298, 'sma1_006', 'sma1', 'Kelas Kimia untuk jenjang SMA1', 200000.00, 17),
(299, 'sma1_006', 'sma1', 'Kelas Kimia untuk jenjang SMA1', 200000.00, 18),
(300, 'sma1_006', 'sma1', 'Kelas Kimia untuk jenjang SMA1', 200000.00, 19),
(301, 'sma1_006', 'sma1', 'Kelas Kimia untuk jenjang SMA1', 200000.00, 20),
(302, 'sma1_006', 'sma1', 'Kelas Kimia untuk jenjang SMA1', 200000.00, 21),
(303, 'sma1_007', 'sma1', 'Kelas Sejarah untuk jenjang SMA1', 200000.00, 12),
(304, 'sma1_007', 'sma1', 'Kelas Sejarah untuk jenjang SMA1', 200000.00, 13),
(305, 'sma1_007', 'sma1', 'Kelas Sejarah untuk jenjang SMA1', 200000.00, 14),
(306, 'sma1_007', 'sma1', 'Kelas Sejarah untuk jenjang SMA1', 200000.00, 15),
(307, 'sma1_007', 'sma1', 'Kelas Sejarah untuk jenjang SMA1', 200000.00, 16),
(308, 'sma1_007', 'sma1', 'Kelas Sejarah untuk jenjang SMA1', 200000.00, 17),
(309, 'sma1_007', 'sma1', 'Kelas Sejarah untuk jenjang SMA1', 200000.00, 18),
(310, 'sma1_007', 'sma1', 'Kelas Sejarah untuk jenjang SMA1', 200000.00, 19),
(311, 'sma1_007', 'sma1', 'Kelas Sejarah untuk jenjang SMA1', 200000.00, 20),
(312, 'sma1_007', 'sma1', 'Kelas Sejarah untuk jenjang SMA1', 200000.00, 21),
(313, 'sma1_008', 'sma1', 'Kelas Ekonomi untuk jenjang SMA1', 200000.00, 12),
(314, 'sma1_008', 'sma1', 'Kelas Ekonomi untuk jenjang SMA1', 200000.00, 13),
(315, 'sma1_008', 'sma1', 'Kelas Ekonomi untuk jenjang SMA1', 200000.00, 14),
(316, 'sma1_008', 'sma1', 'Kelas Ekonomi untuk jenjang SMA1', 200000.00, 15),
(317, 'sma1_008', 'sma1', 'Kelas Ekonomi untuk jenjang SMA1', 200000.00, 16),
(318, 'sma1_008', 'sma1', 'Kelas Ekonomi untuk jenjang SMA1', 200000.00, 17),
(319, 'sma1_008', 'sma1', 'Kelas Ekonomi untuk jenjang SMA1', 200000.00, 18),
(320, 'sma1_008', 'sma1', 'Kelas Ekonomi untuk jenjang SMA1', 200000.00, 19),
(321, 'sma1_008', 'sma1', 'Kelas Ekonomi untuk jenjang SMA1', 200000.00, 20),
(322, 'sma1_008', 'sma1', 'Kelas Ekonomi untuk jenjang SMA1', 200000.00, 21),
(323, 'sma1_009', 'sma1', 'Kelas Geografi untuk jenjang SMA1', 200000.00, 12),
(324, 'sma1_009', 'sma1', 'Kelas Geografi untuk jenjang SMA1', 200000.00, 13),
(325, 'sma1_009', 'sma1', 'Kelas Geografi untuk jenjang SMA1', 200000.00, 14),
(326, 'sma1_009', 'sma1', 'Kelas Geografi untuk jenjang SMA1', 200000.00, 15),
(327, 'sma1_009', 'sma1', 'Kelas Geografi untuk jenjang SMA1', 200000.00, 16),
(328, 'sma1_009', 'sma1', 'Kelas Geografi untuk jenjang SMA1', 200000.00, 17),
(329, 'sma1_009', 'sma1', 'Kelas Geografi untuk jenjang SMA1', 200000.00, 18),
(330, 'sma1_009', 'sma1', 'Kelas Geografi untuk jenjang SMA1', 200000.00, 19),
(331, 'sma1_009', 'sma1', 'Kelas Geografi untuk jenjang SMA1', 200000.00, 20),
(332, 'sma1_009', 'sma1', 'Kelas Geografi untuk jenjang SMA1', 200000.00, 21),
(333, 'sma1_010', 'sma1', 'Kelas Sosiologi untuk jenjang SMA1', 200000.00, 12),
(334, 'sma1_010', 'sma1', 'Kelas Sosiologi untuk jenjang SMA1', 200000.00, 13),
(335, 'sma1_010', 'sma1', 'Kelas Sosiologi untuk jenjang SMA1', 200000.00, 14),
(336, 'sma1_010', 'sma1', 'Kelas Sosiologi untuk jenjang SMA1', 200000.00, 15),
(337, 'sma1_010', 'sma1', 'Kelas Sosiologi untuk jenjang SMA1', 200000.00, 16),
(338, 'sma1_010', 'sma1', 'Kelas Sosiologi untuk jenjang SMA1', 200000.00, 17),
(339, 'sma1_010', 'sma1', 'Kelas Sosiologi untuk jenjang SMA1', 200000.00, 18),
(340, 'sma1_010', 'sma1', 'Kelas Sosiologi untuk jenjang SMA1', 200000.00, 19),
(341, 'sma1_010', 'sma1', 'Kelas Sosiologi untuk jenjang SMA1', 200000.00, 20),
(342, 'sma1_010', 'sma1', 'Kelas Sosiologi untuk jenjang SMA1', 200000.00, 21),
(343, 'sma1_011', 'sma1', 'Kelas Informatika untuk jenjang SMA1', 200000.00, 12),
(344, 'sma1_011', 'sma1', 'Kelas Informatika untuk jenjang SMA1', 200000.00, 13),
(345, 'sma1_011', 'sma1', 'Kelas Informatika untuk jenjang SMA1', 200000.00, 14),
(346, 'sma1_011', 'sma1', 'Kelas Informatika untuk jenjang SMA1', 200000.00, 15),
(347, 'sma1_011', 'sma1', 'Kelas Informatika untuk jenjang SMA1', 200000.00, 16),
(348, 'sma1_011', 'sma1', 'Kelas Informatika untuk jenjang SMA1', 200000.00, 17),
(349, 'sma1_011', 'sma1', 'Kelas Informatika untuk jenjang SMA1', 200000.00, 18),
(350, 'sma1_011', 'sma1', 'Kelas Informatika untuk jenjang SMA1', 200000.00, 19),
(351, 'sma1_011', 'sma1', 'Kelas Informatika untuk jenjang SMA1', 200000.00, 20),
(352, 'sma1_011', 'sma1', 'Kelas Informatika untuk jenjang SMA1', 200000.00, 21),
(353, 'sma2_001', 'sma2', 'Kelas Matematika untuk jenjang SMA2', 200000.00, 12),
(354, 'sma2_001', 'sma2', 'Kelas Matematika untuk jenjang SMA2', 200000.00, 13),
(355, 'sma2_001', 'sma2', 'Kelas Matematika untuk jenjang SMA2', 200000.00, 14),
(356, 'sma2_001', 'sma2', 'Kelas Matematika untuk jenjang SMA2', 200000.00, 15),
(357, 'sma2_001', 'sma2', 'Kelas Matematika untuk jenjang SMA2', 200000.00, 16),
(358, 'sma2_001', 'sma2', 'Kelas Matematika untuk jenjang SMA2', 200000.00, 17),
(359, 'sma2_001', 'sma2', 'Kelas Matematika untuk jenjang SMA2', 200000.00, 18),
(360, 'sma2_001', 'sma2', 'Kelas Matematika untuk jenjang SMA2', 200000.00, 19),
(361, 'sma2_001', 'sma2', 'Kelas Matematika untuk jenjang SMA2', 200000.00, 20),
(362, 'sma2_001', 'sma2', 'Kelas Matematika untuk jenjang SMA2', 200000.00, 21),
(363, 'sma2_002', 'sma2', 'Kelas Bahasa Indonesia untuk jenjang SMA2', 200000.00, 12),
(364, 'sma2_002', 'sma2', 'Kelas Bahasa Indonesia untuk jenjang SMA2', 200000.00, 13),
(365, 'sma2_002', 'sma2', 'Kelas Bahasa Indonesia untuk jenjang SMA2', 200000.00, 14),
(366, 'sma2_002', 'sma2', 'Kelas Bahasa Indonesia untuk jenjang SMA2', 200000.00, 15),
(367, 'sma2_002', 'sma2', 'Kelas Bahasa Indonesia untuk jenjang SMA2', 200000.00, 16),
(368, 'sma2_002', 'sma2', 'Kelas Bahasa Indonesia untuk jenjang SMA2', 200000.00, 17),
(369, 'sma2_002', 'sma2', 'Kelas Bahasa Indonesia untuk jenjang SMA2', 200000.00, 18),
(370, 'sma2_002', 'sma2', 'Kelas Bahasa Indonesia untuk jenjang SMA2', 200000.00, 19),
(371, 'sma2_002', 'sma2', 'Kelas Bahasa Indonesia untuk jenjang SMA2', 200000.00, 20),
(372, 'sma2_002', 'sma2', 'Kelas Bahasa Indonesia untuk jenjang SMA2', 200000.00, 21),
(373, 'sma2_003', 'sma2', 'Kelas Bahasa Inggris untuk jenjang SMA2', 200000.00, 12),
(374, 'sma2_003', 'sma2', 'Kelas Bahasa Inggris untuk jenjang SMA2', 200000.00, 13),
(375, 'sma2_003', 'sma2', 'Kelas Bahasa Inggris untuk jenjang SMA2', 200000.00, 14),
(376, 'sma2_003', 'sma2', 'Kelas Bahasa Inggris untuk jenjang SMA2', 200000.00, 15),
(377, 'sma2_003', 'sma2', 'Kelas Bahasa Inggris untuk jenjang SMA2', 200000.00, 16),
(378, 'sma2_003', 'sma2', 'Kelas Bahasa Inggris untuk jenjang SMA2', 200000.00, 17),
(379, 'sma2_003', 'sma2', 'Kelas Bahasa Inggris untuk jenjang SMA2', 200000.00, 18),
(380, 'sma2_003', 'sma2', 'Kelas Bahasa Inggris untuk jenjang SMA2', 200000.00, 19),
(381, 'sma2_003', 'sma2', 'Kelas Bahasa Inggris untuk jenjang SMA2', 200000.00, 20),
(382, 'sma2_003', 'sma2', 'Kelas Bahasa Inggris untuk jenjang SMA2', 200000.00, 21),
(383, 'sma2_004', 'sma2', 'Kelas Biologi untuk jenjang SMA2', 200000.00, 12),
(384, 'sma2_004', 'sma2', 'Kelas Biologi untuk jenjang SMA2', 200000.00, 13),
(385, 'sma2_004', 'sma2', 'Kelas Biologi untuk jenjang SMA2', 200000.00, 14),
(386, 'sma2_004', 'sma2', 'Kelas Biologi untuk jenjang SMA2', 200000.00, 15),
(387, 'sma2_004', 'sma2', 'Kelas Biologi untuk jenjang SMA2', 200000.00, 16),
(388, 'sma2_004', 'sma2', 'Kelas Biologi untuk jenjang SMA2', 200000.00, 17),
(389, 'sma2_004', 'sma2', 'Kelas Biologi untuk jenjang SMA2', 200000.00, 18),
(390, 'sma2_004', 'sma2', 'Kelas Biologi untuk jenjang SMA2', 200000.00, 19),
(391, 'sma2_004', 'sma2', 'Kelas Biologi untuk jenjang SMA2', 200000.00, 20),
(392, 'sma2_004', 'sma2', 'Kelas Biologi untuk jenjang SMA2', 200000.00, 21),
(393, 'sma2_005', 'sma2', 'Kelas Fisika untuk jenjang SMA2', 200000.00, 12),
(394, 'sma2_005', 'sma2', 'Kelas Fisika untuk jenjang SMA2', 200000.00, 13),
(395, 'sma2_005', 'sma2', 'Kelas Fisika untuk jenjang SMA2', 200000.00, 14),
(396, 'sma2_005', 'sma2', 'Kelas Fisika untuk jenjang SMA2', 200000.00, 15),
(397, 'sma2_005', 'sma2', 'Kelas Fisika untuk jenjang SMA2', 200000.00, 16),
(398, 'sma2_005', 'sma2', 'Kelas Fisika untuk jenjang SMA2', 200000.00, 17),
(399, 'sma2_005', 'sma2', 'Kelas Fisika untuk jenjang SMA2', 200000.00, 18),
(400, 'sma2_005', 'sma2', 'Kelas Fisika untuk jenjang SMA2', 200000.00, 19),
(401, 'sma2_005', 'sma2', 'Kelas Fisika untuk jenjang SMA2', 200000.00, 20),
(402, 'sma2_005', 'sma2', 'Kelas Fisika untuk jenjang SMA2', 200000.00, 21),
(403, 'sma2_006', 'sma2', 'Kelas Kimia untuk jenjang SMA2', 200000.00, 12),
(404, 'sma2_006', 'sma2', 'Kelas Kimia untuk jenjang SMA2', 200000.00, 13),
(405, 'sma2_006', 'sma2', 'Kelas Kimia untuk jenjang SMA2', 200000.00, 14),
(406, 'sma2_006', 'sma2', 'Kelas Kimia untuk jenjang SMA2', 200000.00, 15),
(407, 'sma2_006', 'sma2', 'Kelas Kimia untuk jenjang SMA2', 200000.00, 16),
(408, 'sma2_006', 'sma2', 'Kelas Kimia untuk jenjang SMA2', 200000.00, 17),
(409, 'sma2_006', 'sma2', 'Kelas Kimia untuk jenjang SMA2', 200000.00, 18),
(410, 'sma2_006', 'sma2', 'Kelas Kimia untuk jenjang SMA2', 200000.00, 19),
(411, 'sma2_006', 'sma2', 'Kelas Kimia untuk jenjang SMA2', 200000.00, 20),
(412, 'sma2_006', 'sma2', 'Kelas Kimia untuk jenjang SMA2', 200000.00, 21),
(413, 'sma2_007', 'sma2', 'Kelas Sejarah untuk jenjang SMA2', 200000.00, 12),
(414, 'sma2_007', 'sma2', 'Kelas Sejarah untuk jenjang SMA2', 200000.00, 13),
(415, 'sma2_007', 'sma2', 'Kelas Sejarah untuk jenjang SMA2', 200000.00, 14),
(416, 'sma2_007', 'sma2', 'Kelas Sejarah untuk jenjang SMA2', 200000.00, 15),
(417, 'sma2_007', 'sma2', 'Kelas Sejarah untuk jenjang SMA2', 200000.00, 16),
(418, 'sma2_007', 'sma2', 'Kelas Sejarah untuk jenjang SMA2', 200000.00, 17),
(419, 'sma2_007', 'sma2', 'Kelas Sejarah untuk jenjang SMA2', 200000.00, 18),
(420, 'sma2_007', 'sma2', 'Kelas Sejarah untuk jenjang SMA2', 200000.00, 19),
(421, 'sma2_007', 'sma2', 'Kelas Sejarah untuk jenjang SMA2', 200000.00, 20),
(422, 'sma2_007', 'sma2', 'Kelas Sejarah untuk jenjang SMA2', 200000.00, 21),
(423, 'sma2_008', 'sma2', 'Kelas Ekonomi untuk jenjang SMA2', 200000.00, 12),
(424, 'sma2_008', 'sma2', 'Kelas Ekonomi untuk jenjang SMA2', 200000.00, 13),
(425, 'sma2_008', 'sma2', 'Kelas Ekonomi untuk jenjang SMA2', 200000.00, 14),
(426, 'sma2_008', 'sma2', 'Kelas Ekonomi untuk jenjang SMA2', 200000.00, 15),
(427, 'sma2_008', 'sma2', 'Kelas Ekonomi untuk jenjang SMA2', 200000.00, 16),
(428, 'sma2_008', 'sma2', 'Kelas Ekonomi untuk jenjang SMA2', 200000.00, 17),
(429, 'sma2_008', 'sma2', 'Kelas Ekonomi untuk jenjang SMA2', 200000.00, 18),
(430, 'sma2_008', 'sma2', 'Kelas Ekonomi untuk jenjang SMA2', 200000.00, 19),
(431, 'sma2_008', 'sma2', 'Kelas Ekonomi untuk jenjang SMA2', 200000.00, 20),
(432, 'sma2_008', 'sma2', 'Kelas Ekonomi untuk jenjang SMA2', 200000.00, 21),
(433, 'sma2_009', 'sma2', 'Kelas Geografi untuk jenjang SMA2', 200000.00, 12),
(434, 'sma2_009', 'sma2', 'Kelas Geografi untuk jenjang SMA2', 200000.00, 13),
(435, 'sma2_009', 'sma2', 'Kelas Geografi untuk jenjang SMA2', 200000.00, 14),
(436, 'sma2_009', 'sma2', 'Kelas Geografi untuk jenjang SMA2', 200000.00, 15),
(437, 'sma2_009', 'sma2', 'Kelas Geografi untuk jenjang SMA2', 200000.00, 16),
(438, 'sma2_009', 'sma2', 'Kelas Geografi untuk jenjang SMA2', 200000.00, 17),
(439, 'sma2_009', 'sma2', 'Kelas Geografi untuk jenjang SMA2', 200000.00, 18),
(440, 'sma2_009', 'sma2', 'Kelas Geografi untuk jenjang SMA2', 200000.00, 19),
(441, 'sma2_009', 'sma2', 'Kelas Geografi untuk jenjang SMA2', 200000.00, 20),
(442, 'sma2_009', 'sma2', 'Kelas Geografi untuk jenjang SMA2', 200000.00, 21),
(443, 'sma2_010', 'sma2', 'Kelas Sosiologi untuk jenjang SMA2', 200000.00, 12),
(444, 'sma2_010', 'sma2', 'Kelas Sosiologi untuk jenjang SMA2', 200000.00, 13),
(445, 'sma2_010', 'sma2', 'Kelas Sosiologi untuk jenjang SMA2', 200000.00, 14),
(446, 'sma2_010', 'sma2', 'Kelas Sosiologi untuk jenjang SMA2', 200000.00, 15),
(447, 'sma2_010', 'sma2', 'Kelas Sosiologi untuk jenjang SMA2', 200000.00, 16),
(448, 'sma2_010', 'sma2', 'Kelas Sosiologi untuk jenjang SMA2', 200000.00, 17),
(449, 'sma2_010', 'sma2', 'Kelas Sosiologi untuk jenjang SMA2', 200000.00, 18),
(450, 'sma2_010', 'sma2', 'Kelas Sosiologi untuk jenjang SMA2', 200000.00, 19),
(451, 'sma2_010', 'sma2', 'Kelas Sosiologi untuk jenjang SMA2', 200000.00, 20),
(452, 'sma2_010', 'sma2', 'Kelas Sosiologi untuk jenjang SMA2', 200000.00, 21),
(453, 'sma2_011', 'sma2', 'Kelas Informatika untuk jenjang SMA2', 200000.00, 12),
(454, 'sma2_011', 'sma2', 'Kelas Informatika untuk jenjang SMA2', 200000.00, 13),
(455, 'sma2_011', 'sma2', 'Kelas Informatika untuk jenjang SMA2', 200000.00, 14),
(456, 'sma2_011', 'sma2', 'Kelas Informatika untuk jenjang SMA2', 200000.00, 15),
(457, 'sma2_011', 'sma2', 'Kelas Informatika untuk jenjang SMA2', 200000.00, 16),
(458, 'sma2_011', 'sma2', 'Kelas Informatika untuk jenjang SMA2', 200000.00, 17),
(459, 'sma2_011', 'sma2', 'Kelas Informatika untuk jenjang SMA2', 200000.00, 18),
(460, 'sma2_011', 'sma2', 'Kelas Informatika untuk jenjang SMA2', 200000.00, 19),
(461, 'sma2_011', 'sma2', 'Kelas Informatika untuk jenjang SMA2', 200000.00, 20),
(462, 'sma2_011', 'sma2', 'Kelas Informatika untuk jenjang SMA2', 200000.00, 21),
(463, 'sma3_001', 'sma3', 'Kelas Matematika untuk jenjang SMA3', 200000.00, 12),
(464, 'sma3_001', 'sma3', 'Kelas Matematika untuk jenjang SMA3', 200000.00, 13),
(465, 'sma3_001', 'sma3', 'Kelas Matematika untuk jenjang SMA3', 200000.00, 14),
(466, 'sma3_001', 'sma3', 'Kelas Matematika untuk jenjang SMA3', 200000.00, 15),
(467, 'sma3_001', 'sma3', 'Kelas Matematika untuk jenjang SMA3', 200000.00, 16),
(468, 'sma3_001', 'sma3', 'Kelas Matematika untuk jenjang SMA3', 200000.00, 17),
(469, 'sma3_001', 'sma3', 'Kelas Matematika untuk jenjang SMA3', 200000.00, 18),
(470, 'sma3_001', 'sma3', 'Kelas Matematika untuk jenjang SMA3', 200000.00, 19),
(471, 'sma3_001', 'sma3', 'Kelas Matematika untuk jenjang SMA3', 200000.00, 20),
(472, 'sma3_001', 'sma3', 'Kelas Matematika untuk jenjang SMA3', 200000.00, 21),
(473, 'sma3_002', 'sma3', 'Kelas Bahasa Indonesia untuk jenjang SMA3', 200000.00, 12),
(474, 'sma3_002', 'sma3', 'Kelas Bahasa Indonesia untuk jenjang SMA3', 200000.00, 13),
(475, 'sma3_002', 'sma3', 'Kelas Bahasa Indonesia untuk jenjang SMA3', 200000.00, 14),
(476, 'sma3_002', 'sma3', 'Kelas Bahasa Indonesia untuk jenjang SMA3', 200000.00, 15),
(477, 'sma3_002', 'sma3', 'Kelas Bahasa Indonesia untuk jenjang SMA3', 200000.00, 16),
(478, 'sma3_002', 'sma3', 'Kelas Bahasa Indonesia untuk jenjang SMA3', 200000.00, 17),
(479, 'sma3_002', 'sma3', 'Kelas Bahasa Indonesia untuk jenjang SMA3', 200000.00, 18),
(480, 'sma3_002', 'sma3', 'Kelas Bahasa Indonesia untuk jenjang SMA3', 200000.00, 19),
(481, 'sma3_002', 'sma3', 'Kelas Bahasa Indonesia untuk jenjang SMA3', 200000.00, 20),
(482, 'sma3_002', 'sma3', 'Kelas Bahasa Indonesia untuk jenjang SMA3', 200000.00, 21),
(483, 'sma3_003', 'sma3', 'Kelas Bahasa Inggris untuk jenjang SMA3', 200000.00, 12),
(484, 'sma3_003', 'sma3', 'Kelas Bahasa Inggris untuk jenjang SMA3', 200000.00, 13),
(485, 'sma3_003', 'sma3', 'Kelas Bahasa Inggris untuk jenjang SMA3', 200000.00, 14),
(486, 'sma3_003', 'sma3', 'Kelas Bahasa Inggris untuk jenjang SMA3', 200000.00, 15),
(487, 'sma3_003', 'sma3', 'Kelas Bahasa Inggris untuk jenjang SMA3', 200000.00, 16),
(488, 'sma3_003', 'sma3', 'Kelas Bahasa Inggris untuk jenjang SMA3', 200000.00, 17),
(489, 'sma3_003', 'sma3', 'Kelas Bahasa Inggris untuk jenjang SMA3', 200000.00, 18),
(490, 'sma3_003', 'sma3', 'Kelas Bahasa Inggris untuk jenjang SMA3', 200000.00, 19),
(491, 'sma3_003', 'sma3', 'Kelas Bahasa Inggris untuk jenjang SMA3', 200000.00, 20),
(492, 'sma3_003', 'sma3', 'Kelas Bahasa Inggris untuk jenjang SMA3', 200000.00, 21),
(493, 'sma3_004', 'sma3', 'Kelas Biologi untuk jenjang SMA3', 200000.00, 12),
(494, 'sma3_004', 'sma3', 'Kelas Biologi untuk jenjang SMA3', 200000.00, 13),
(495, 'sma3_004', 'sma3', 'Kelas Biologi untuk jenjang SMA3', 200000.00, 14),
(496, 'sma3_004', 'sma3', 'Kelas Biologi untuk jenjang SMA3', 200000.00, 15),
(497, 'sma3_004', 'sma3', 'Kelas Biologi untuk jenjang SMA3', 200000.00, 16),
(498, 'sma3_004', 'sma3', 'Kelas Biologi untuk jenjang SMA3', 200000.00, 17),
(499, 'sma3_004', 'sma3', 'Kelas Biologi untuk jenjang SMA3', 200000.00, 18),
(500, 'sma3_004', 'sma3', 'Kelas Biologi untuk jenjang SMA3', 200000.00, 19),
(501, 'sma3_004', 'sma3', 'Kelas Biologi untuk jenjang SMA3', 200000.00, 20),
(502, 'sma3_004', 'sma3', 'Kelas Biologi untuk jenjang SMA3', 200000.00, 21),
(503, 'sma3_005', 'sma3', 'Kelas Fisika untuk jenjang SMA3', 200000.00, 12),
(504, 'sma3_005', 'sma3', 'Kelas Fisika untuk jenjang SMA3', 200000.00, 13),
(505, 'sma3_005', 'sma3', 'Kelas Fisika untuk jenjang SMA3', 200000.00, 14),
(506, 'sma3_005', 'sma3', 'Kelas Fisika untuk jenjang SMA3', 200000.00, 15),
(507, 'sma3_005', 'sma3', 'Kelas Fisika untuk jenjang SMA3', 200000.00, 16),
(508, 'sma3_005', 'sma3', 'Kelas Fisika untuk jenjang SMA3', 200000.00, 17),
(509, 'sma3_005', 'sma3', 'Kelas Fisika untuk jenjang SMA3', 200000.00, 18),
(510, 'sma3_005', 'sma3', 'Kelas Fisika untuk jenjang SMA3', 200000.00, 19),
(511, 'sma3_005', 'sma3', 'Kelas Fisika untuk jenjang SMA3', 200000.00, 20),
(512, 'sma3_005', 'sma3', 'Kelas Fisika untuk jenjang SMA3', 200000.00, 21),
(513, 'sma3_006', 'sma3', 'Kelas Kimia untuk jenjang SMA3', 200000.00, 12),
(514, 'sma3_006', 'sma3', 'Kelas Kimia untuk jenjang SMA3', 200000.00, 13),
(515, 'sma3_006', 'sma3', 'Kelas Kimia untuk jenjang SMA3', 200000.00, 14),
(516, 'sma3_006', 'sma3', 'Kelas Kimia untuk jenjang SMA3', 200000.00, 15),
(517, 'sma3_006', 'sma3', 'Kelas Kimia untuk jenjang SMA3', 200000.00, 16),
(518, 'sma3_006', 'sma3', 'Kelas Kimia untuk jenjang SMA3', 200000.00, 17),
(519, 'sma3_006', 'sma3', 'Kelas Kimia untuk jenjang SMA3', 200000.00, 18),
(520, 'sma3_006', 'sma3', 'Kelas Kimia untuk jenjang SMA3', 200000.00, 19),
(521, 'sma3_006', 'sma3', 'Kelas Kimia untuk jenjang SMA3', 200000.00, 20),
(522, 'sma3_006', 'sma3', 'Kelas Kimia untuk jenjang SMA3', 200000.00, 21),
(523, 'sma3_007', 'sma3', 'Kelas Sejarah untuk jenjang SMA3', 200000.00, 12),
(524, 'sma3_007', 'sma3', 'Kelas Sejarah untuk jenjang SMA3', 200000.00, 13),
(525, 'sma3_007', 'sma3', 'Kelas Sejarah untuk jenjang SMA3', 200000.00, 14),
(526, 'sma3_007', 'sma3', 'Kelas Sejarah untuk jenjang SMA3', 200000.00, 15),
(527, 'sma3_007', 'sma3', 'Kelas Sejarah untuk jenjang SMA3', 200000.00, 16),
(528, 'sma3_007', 'sma3', 'Kelas Sejarah untuk jenjang SMA3', 200000.00, 17),
(529, 'sma3_007', 'sma3', 'Kelas Sejarah untuk jenjang SMA3', 200000.00, 18),
(530, 'sma3_007', 'sma3', 'Kelas Sejarah untuk jenjang SMA3', 200000.00, 19),
(531, 'sma3_007', 'sma3', 'Kelas Sejarah untuk jenjang SMA3', 200000.00, 20),
(532, 'sma3_007', 'sma3', 'Kelas Sejarah untuk jenjang SMA3', 200000.00, 21),
(533, 'sma3_008', 'sma3', 'Kelas Ekonomi untuk jenjang SMA3', 200000.00, 12),
(534, 'sma3_008', 'sma3', 'Kelas Ekonomi untuk jenjang SMA3', 200000.00, 13),
(535, 'sma3_008', 'sma3', 'Kelas Ekonomi untuk jenjang SMA3', 200000.00, 14),
(536, 'sma3_008', 'sma3', 'Kelas Ekonomi untuk jenjang SMA3', 200000.00, 15),
(537, 'sma3_008', 'sma3', 'Kelas Ekonomi untuk jenjang SMA3', 200000.00, 16),
(538, 'sma3_008', 'sma3', 'Kelas Ekonomi untuk jenjang SMA3', 200000.00, 17),
(539, 'sma3_008', 'sma3', 'Kelas Ekonomi untuk jenjang SMA3', 200000.00, 18),
(540, 'sma3_008', 'sma3', 'Kelas Ekonomi untuk jenjang SMA3', 200000.00, 19),
(541, 'sma3_008', 'sma3', 'Kelas Ekonomi untuk jenjang SMA3', 200000.00, 20),
(542, 'sma3_008', 'sma3', 'Kelas Ekonomi untuk jenjang SMA3', 200000.00, 21),
(543, 'sma3_009', 'sma3', 'Kelas Geografi untuk jenjang SMA3', 200000.00, 12),
(544, 'sma3_009', 'sma3', 'Kelas Geografi untuk jenjang SMA3', 200000.00, 13),
(545, 'sma3_009', 'sma3', 'Kelas Geografi untuk jenjang SMA3', 200000.00, 14),
(546, 'sma3_009', 'sma3', 'Kelas Geografi untuk jenjang SMA3', 200000.00, 15),
(547, 'sma3_009', 'sma3', 'Kelas Geografi untuk jenjang SMA3', 200000.00, 16),
(548, 'sma3_009', 'sma3', 'Kelas Geografi untuk jenjang SMA3', 200000.00, 17),
(549, 'sma3_009', 'sma3', 'Kelas Geografi untuk jenjang SMA3', 200000.00, 18),
(550, 'sma3_009', 'sma3', 'Kelas Geografi untuk jenjang SMA3', 200000.00, 19),
(551, 'sma3_009', 'sma3', 'Kelas Geografi untuk jenjang SMA3', 200000.00, 20),
(552, 'sma3_009', 'sma3', 'Kelas Geografi untuk jenjang SMA3', 200000.00, 21),
(553, 'sma3_010', 'sma3', 'Kelas Sosiologi untuk jenjang SMA3', 200000.00, 12),
(554, 'sma3_010', 'sma3', 'Kelas Sosiologi untuk jenjang SMA3', 200000.00, 13),
(555, 'sma3_010', 'sma3', 'Kelas Sosiologi untuk jenjang SMA3', 200000.00, 14),
(556, 'sma3_010', 'sma3', 'Kelas Sosiologi untuk jenjang SMA3', 200000.00, 15),
(557, 'sma3_010', 'sma3', 'Kelas Sosiologi untuk jenjang SMA3', 200000.00, 16),
(558, 'sma3_010', 'sma3', 'Kelas Sosiologi untuk jenjang SMA3', 200000.00, 17),
(559, 'sma3_010', 'sma3', 'Kelas Sosiologi untuk jenjang SMA3', 200000.00, 18),
(560, 'sma3_010', 'sma3', 'Kelas Sosiologi untuk jenjang SMA3', 200000.00, 19),
(561, 'sma3_010', 'sma3', 'Kelas Sosiologi untuk jenjang SMA3', 200000.00, 20),
(562, 'sma3_010', 'sma3', 'Kelas Sosiologi untuk jenjang SMA3', 200000.00, 21),
(563, 'sma3_011', 'sma3', 'Kelas Informatika untuk jenjang SMA3', 200000.00, 12),
(564, 'sma3_011', 'sma3', 'Kelas Informatika untuk jenjang SMA3', 200000.00, 13),
(565, 'sma3_011', 'sma3', 'Kelas Informatika untuk jenjang SMA3', 200000.00, 14),
(566, 'sma3_011', 'sma3', 'Kelas Informatika untuk jenjang SMA3', 200000.00, 15),
(567, 'sma3_011', 'sma3', 'Kelas Informatika untuk jenjang SMA3', 200000.00, 16),
(568, 'sma3_011', 'sma3', 'Kelas Informatika untuk jenjang SMA3', 200000.00, 17),
(569, 'sma3_011', 'sma3', 'Kelas Informatika untuk jenjang SMA3', 200000.00, 18),
(570, 'sma3_011', 'sma3', 'Kelas Informatika untuk jenjang SMA3', 200000.00, 19),
(571, 'sma3_011', 'sma3', 'Kelas Informatika untuk jenjang SMA3', 200000.00, 20),
(572, 'sma3_011', 'sma3', 'Kelas Informatika untuk jenjang SMA3', 200000.00, 21),
(573, 'smp1_001', 'smp1', 'Kelas Matematika untuk jenjang SMP1', 150000.00, 12),
(574, 'smp1_001', 'smp1', 'Kelas Matematika untuk jenjang SMP1', 150000.00, 13),
(575, 'smp1_001', 'smp1', 'Kelas Matematika untuk jenjang SMP1', 150000.00, 14),
(576, 'smp1_001', 'smp1', 'Kelas Matematika untuk jenjang SMP1', 150000.00, 15),
(577, 'smp1_001', 'smp1', 'Kelas Matematika untuk jenjang SMP1', 150000.00, 16),
(578, 'smp1_001', 'smp1', 'Kelas Matematika untuk jenjang SMP1', 150000.00, 17),
(579, 'smp1_001', 'smp1', 'Kelas Matematika untuk jenjang SMP1', 150000.00, 18),
(580, 'smp1_001', 'smp1', 'Kelas Matematika untuk jenjang SMP1', 150000.00, 19),
(581, 'smp1_001', 'smp1', 'Kelas Matematika untuk jenjang SMP1', 150000.00, 20),
(582, 'smp1_001', 'smp1', 'Kelas Matematika untuk jenjang SMP1', 150000.00, 21),
(583, 'smp1_002', 'smp1', 'Kelas Bahasa Indonesia untuk jenjang SMP1', 150000.00, 12),
(584, 'smp1_002', 'smp1', 'Kelas Bahasa Indonesia untuk jenjang SMP1', 150000.00, 13),
(585, 'smp1_002', 'smp1', 'Kelas Bahasa Indonesia untuk jenjang SMP1', 150000.00, 14),
(586, 'smp1_002', 'smp1', 'Kelas Bahasa Indonesia untuk jenjang SMP1', 150000.00, 15),
(587, 'smp1_002', 'smp1', 'Kelas Bahasa Indonesia untuk jenjang SMP1', 150000.00, 16),
(588, 'smp1_002', 'smp1', 'Kelas Bahasa Indonesia untuk jenjang SMP1', 150000.00, 17),
(589, 'smp1_002', 'smp1', 'Kelas Bahasa Indonesia untuk jenjang SMP1', 150000.00, 18),
(590, 'smp1_002', 'smp1', 'Kelas Bahasa Indonesia untuk jenjang SMP1', 150000.00, 19),
(591, 'smp1_002', 'smp1', 'Kelas Bahasa Indonesia untuk jenjang SMP1', 150000.00, 20),
(592, 'smp1_002', 'smp1', 'Kelas Bahasa Indonesia untuk jenjang SMP1', 150000.00, 21),
(593, 'smp1_003', 'smp1', 'Kelas Bahasa Inggris untuk jenjang SMP1', 150000.00, 12),
(594, 'smp1_003', 'smp1', 'Kelas Bahasa Inggris untuk jenjang SMP1', 150000.00, 13),
(595, 'smp1_003', 'smp1', 'Kelas Bahasa Inggris untuk jenjang SMP1', 150000.00, 14),
(596, 'smp1_003', 'smp1', 'Kelas Bahasa Inggris untuk jenjang SMP1', 150000.00, 15),
(597, 'smp1_003', 'smp1', 'Kelas Bahasa Inggris untuk jenjang SMP1', 150000.00, 16),
(598, 'smp1_003', 'smp1', 'Kelas Bahasa Inggris untuk jenjang SMP1', 150000.00, 17),
(599, 'smp1_003', 'smp1', 'Kelas Bahasa Inggris untuk jenjang SMP1', 150000.00, 18),
(600, 'smp1_003', 'smp1', 'Kelas Bahasa Inggris untuk jenjang SMP1', 150000.00, 19),
(601, 'smp1_003', 'smp1', 'Kelas Bahasa Inggris untuk jenjang SMP1', 150000.00, 20),
(602, 'smp1_003', 'smp1', 'Kelas Bahasa Inggris untuk jenjang SMP1', 150000.00, 21),
(603, 'smp1_004', 'smp1', 'Kelas IPA untuk jenjang SMP1', 150000.00, 12),
(604, 'smp1_004', 'smp1', 'Kelas IPA untuk jenjang SMP1', 150000.00, 13),
(605, 'smp1_004', 'smp1', 'Kelas IPA untuk jenjang SMP1', 150000.00, 14),
(606, 'smp1_004', 'smp1', 'Kelas IPA untuk jenjang SMP1', 150000.00, 15),
(607, 'smp1_004', 'smp1', 'Kelas IPA untuk jenjang SMP1', 150000.00, 16),
(608, 'smp1_004', 'smp1', 'Kelas IPA untuk jenjang SMP1', 150000.00, 17),
(609, 'smp1_004', 'smp1', 'Kelas IPA untuk jenjang SMP1', 150000.00, 18),
(610, 'smp1_004', 'smp1', 'Kelas IPA untuk jenjang SMP1', 150000.00, 19),
(611, 'smp1_004', 'smp1', 'Kelas IPA untuk jenjang SMP1', 150000.00, 20),
(612, 'smp1_004', 'smp1', 'Kelas IPA untuk jenjang SMP1', 150000.00, 21),
(613, 'smp1_005', 'smp1', 'Kelas IPS untuk jenjang SMP1', 150000.00, 12),
(614, 'smp1_005', 'smp1', 'Kelas IPS untuk jenjang SMP1', 150000.00, 13),
(615, 'smp1_005', 'smp1', 'Kelas IPS untuk jenjang SMP1', 150000.00, 14),
(616, 'smp1_005', 'smp1', 'Kelas IPS untuk jenjang SMP1', 150000.00, 15),
(617, 'smp1_005', 'smp1', 'Kelas IPS untuk jenjang SMP1', 150000.00, 16),
(618, 'smp1_005', 'smp1', 'Kelas IPS untuk jenjang SMP1', 150000.00, 17),
(619, 'smp1_005', 'smp1', 'Kelas IPS untuk jenjang SMP1', 150000.00, 18),
(620, 'smp1_005', 'smp1', 'Kelas IPS untuk jenjang SMP1', 150000.00, 19),
(621, 'smp1_005', 'smp1', 'Kelas IPS untuk jenjang SMP1', 150000.00, 20),
(622, 'smp1_005', 'smp1', 'Kelas IPS untuk jenjang SMP1', 150000.00, 21),
(623, 'smp1_006', 'smp1', 'Kelas Informatika untuk jenjang SMP1', 150000.00, 12),
(624, 'smp1_006', 'smp1', 'Kelas Informatika untuk jenjang SMP1', 150000.00, 13),
(625, 'smp1_006', 'smp1', 'Kelas Informatika untuk jenjang SMP1', 150000.00, 14),
(626, 'smp1_006', 'smp1', 'Kelas Informatika untuk jenjang SMP1', 150000.00, 15),
(627, 'smp1_006', 'smp1', 'Kelas Informatika untuk jenjang SMP1', 150000.00, 16),
(628, 'smp1_006', 'smp1', 'Kelas Informatika untuk jenjang SMP1', 150000.00, 17),
(629, 'smp1_006', 'smp1', 'Kelas Informatika untuk jenjang SMP1', 150000.00, 18),
(630, 'smp1_006', 'smp1', 'Kelas Informatika untuk jenjang SMP1', 150000.00, 19),
(631, 'smp1_006', 'smp1', 'Kelas Informatika untuk jenjang SMP1', 150000.00, 20),
(632, 'smp1_006', 'smp1', 'Kelas Informatika untuk jenjang SMP1', 150000.00, 21),
(633, 'smp2_001', 'smp2', 'Kelas Matematika untuk jenjang SMP2', 150000.00, 12),
(634, 'smp2_001', 'smp2', 'Kelas Matematika untuk jenjang SMP2', 150000.00, 13),
(635, 'smp2_001', 'smp2', 'Kelas Matematika untuk jenjang SMP2', 150000.00, 14),
(636, 'smp2_001', 'smp2', 'Kelas Matematika untuk jenjang SMP2', 150000.00, 15),
(637, 'smp2_001', 'smp2', 'Kelas Matematika untuk jenjang SMP2', 150000.00, 16),
(638, 'smp2_001', 'smp2', 'Kelas Matematika untuk jenjang SMP2', 150000.00, 17),
(639, 'smp2_001', 'smp2', 'Kelas Matematika untuk jenjang SMP2', 150000.00, 18),
(640, 'smp2_001', 'smp2', 'Kelas Matematika untuk jenjang SMP2', 150000.00, 19),
(641, 'smp2_001', 'smp2', 'Kelas Matematika untuk jenjang SMP2', 150000.00, 20),
(642, 'smp2_001', 'smp2', 'Kelas Matematika untuk jenjang SMP2', 150000.00, 21),
(643, 'smp2_002', 'smp2', 'Kelas Bahasa Indonesia untuk jenjang SMP2', 150000.00, 12),
(644, 'smp2_002', 'smp2', 'Kelas Bahasa Indonesia untuk jenjang SMP2', 150000.00, 13);
INSERT INTO `kelas_pendaftaran` (`kelas_id`, `mapel_id`, `jenjang`, `deskripsi`, `harga`, `jadwal_id`) VALUES
(645, 'smp2_002', 'smp2', 'Kelas Bahasa Indonesia untuk jenjang SMP2', 150000.00, 14),
(646, 'smp2_002', 'smp2', 'Kelas Bahasa Indonesia untuk jenjang SMP2', 150000.00, 15),
(647, 'smp2_002', 'smp2', 'Kelas Bahasa Indonesia untuk jenjang SMP2', 150000.00, 16),
(648, 'smp2_002', 'smp2', 'Kelas Bahasa Indonesia untuk jenjang SMP2', 150000.00, 17),
(649, 'smp2_002', 'smp2', 'Kelas Bahasa Indonesia untuk jenjang SMP2', 150000.00, 18),
(650, 'smp2_002', 'smp2', 'Kelas Bahasa Indonesia untuk jenjang SMP2', 150000.00, 19),
(651, 'smp2_002', 'smp2', 'Kelas Bahasa Indonesia untuk jenjang SMP2', 150000.00, 20),
(652, 'smp2_002', 'smp2', 'Kelas Bahasa Indonesia untuk jenjang SMP2', 150000.00, 21),
(653, 'smp2_003', 'smp2', 'Kelas Bahasa Inggris untuk jenjang SMP2', 150000.00, 12),
(654, 'smp2_003', 'smp2', 'Kelas Bahasa Inggris untuk jenjang SMP2', 150000.00, 13),
(655, 'smp2_003', 'smp2', 'Kelas Bahasa Inggris untuk jenjang SMP2', 150000.00, 14),
(656, 'smp2_003', 'smp2', 'Kelas Bahasa Inggris untuk jenjang SMP2', 150000.00, 15),
(657, 'smp2_003', 'smp2', 'Kelas Bahasa Inggris untuk jenjang SMP2', 150000.00, 16),
(658, 'smp2_003', 'smp2', 'Kelas Bahasa Inggris untuk jenjang SMP2', 150000.00, 17),
(659, 'smp2_003', 'smp2', 'Kelas Bahasa Inggris untuk jenjang SMP2', 150000.00, 18),
(660, 'smp2_003', 'smp2', 'Kelas Bahasa Inggris untuk jenjang SMP2', 150000.00, 19),
(661, 'smp2_003', 'smp2', 'Kelas Bahasa Inggris untuk jenjang SMP2', 150000.00, 20),
(662, 'smp2_003', 'smp2', 'Kelas Bahasa Inggris untuk jenjang SMP2', 150000.00, 21),
(663, 'smp2_004', 'smp2', 'Kelas IPA untuk jenjang SMP2', 150000.00, 12),
(664, 'smp2_004', 'smp2', 'Kelas IPA untuk jenjang SMP2', 150000.00, 13),
(665, 'smp2_004', 'smp2', 'Kelas IPA untuk jenjang SMP2', 150000.00, 14),
(666, 'smp2_004', 'smp2', 'Kelas IPA untuk jenjang SMP2', 150000.00, 15),
(667, 'smp2_004', 'smp2', 'Kelas IPA untuk jenjang SMP2', 150000.00, 16),
(668, 'smp2_004', 'smp2', 'Kelas IPA untuk jenjang SMP2', 150000.00, 17),
(669, 'smp2_004', 'smp2', 'Kelas IPA untuk jenjang SMP2', 150000.00, 18),
(670, 'smp2_004', 'smp2', 'Kelas IPA untuk jenjang SMP2', 150000.00, 19),
(671, 'smp2_004', 'smp2', 'Kelas IPA untuk jenjang SMP2', 150000.00, 20),
(672, 'smp2_004', 'smp2', 'Kelas IPA untuk jenjang SMP2', 150000.00, 21),
(673, 'smp2_005', 'smp2', 'Kelas IPS untuk jenjang SMP2', 150000.00, 12),
(674, 'smp2_005', 'smp2', 'Kelas IPS untuk jenjang SMP2', 150000.00, 13),
(675, 'smp2_005', 'smp2', 'Kelas IPS untuk jenjang SMP2', 150000.00, 14),
(676, 'smp2_005', 'smp2', 'Kelas IPS untuk jenjang SMP2', 150000.00, 15),
(677, 'smp2_005', 'smp2', 'Kelas IPS untuk jenjang SMP2', 150000.00, 16),
(678, 'smp2_005', 'smp2', 'Kelas IPS untuk jenjang SMP2', 150000.00, 17),
(679, 'smp2_005', 'smp2', 'Kelas IPS untuk jenjang SMP2', 150000.00, 18),
(680, 'smp2_005', 'smp2', 'Kelas IPS untuk jenjang SMP2', 150000.00, 19),
(681, 'smp2_005', 'smp2', 'Kelas IPS untuk jenjang SMP2', 150000.00, 20),
(682, 'smp2_005', 'smp2', 'Kelas IPS untuk jenjang SMP2', 150000.00, 21),
(683, 'smp2_006', 'smp2', 'Kelas Informatika untuk jenjang SMP2', 150000.00, 12),
(684, 'smp2_006', 'smp2', 'Kelas Informatika untuk jenjang SMP2', 150000.00, 13),
(685, 'smp2_006', 'smp2', 'Kelas Informatika untuk jenjang SMP2', 150000.00, 14),
(686, 'smp2_006', 'smp2', 'Kelas Informatika untuk jenjang SMP2', 150000.00, 15),
(687, 'smp2_006', 'smp2', 'Kelas Informatika untuk jenjang SMP2', 150000.00, 16),
(688, 'smp2_006', 'smp2', 'Kelas Informatika untuk jenjang SMP2', 150000.00, 17),
(689, 'smp2_006', 'smp2', 'Kelas Informatika untuk jenjang SMP2', 150000.00, 18),
(690, 'smp2_006', 'smp2', 'Kelas Informatika untuk jenjang SMP2', 150000.00, 19),
(691, 'smp2_006', 'smp2', 'Kelas Informatika untuk jenjang SMP2', 150000.00, 20),
(692, 'smp2_006', 'smp2', 'Kelas Informatika untuk jenjang SMP2', 150000.00, 21),
(693, 'smp3_001', 'smp3', 'Kelas Matematika untuk jenjang SMP3', 150000.00, 12),
(694, 'smp3_001', 'smp3', 'Kelas Matematika untuk jenjang SMP3', 150000.00, 13),
(695, 'smp3_001', 'smp3', 'Kelas Matematika untuk jenjang SMP3', 150000.00, 14),
(696, 'smp3_001', 'smp3', 'Kelas Matematika untuk jenjang SMP3', 150000.00, 15),
(697, 'smp3_001', 'smp3', 'Kelas Matematika untuk jenjang SMP3', 150000.00, 16),
(698, 'smp3_001', 'smp3', 'Kelas Matematika untuk jenjang SMP3', 150000.00, 17),
(699, 'smp3_001', 'smp3', 'Kelas Matematika untuk jenjang SMP3', 150000.00, 18),
(700, 'smp3_001', 'smp3', 'Kelas Matematika untuk jenjang SMP3', 150000.00, 19),
(701, 'smp3_001', 'smp3', 'Kelas Matematika untuk jenjang SMP3', 150000.00, 20),
(702, 'smp3_001', 'smp3', 'Kelas Matematika untuk jenjang SMP3', 150000.00, 21),
(703, 'smp3_002', 'smp3', 'Kelas Bahasa Indonesia untuk jenjang SMP3', 150000.00, 12),
(704, 'smp3_002', 'smp3', 'Kelas Bahasa Indonesia untuk jenjang SMP3', 150000.00, 13),
(705, 'smp3_002', 'smp3', 'Kelas Bahasa Indonesia untuk jenjang SMP3', 150000.00, 14),
(706, 'smp3_002', 'smp3', 'Kelas Bahasa Indonesia untuk jenjang SMP3', 150000.00, 15),
(707, 'smp3_002', 'smp3', 'Kelas Bahasa Indonesia untuk jenjang SMP3', 150000.00, 16),
(708, 'smp3_002', 'smp3', 'Kelas Bahasa Indonesia untuk jenjang SMP3', 150000.00, 17),
(709, 'smp3_002', 'smp3', 'Kelas Bahasa Indonesia untuk jenjang SMP3', 150000.00, 18),
(710, 'smp3_002', 'smp3', 'Kelas Bahasa Indonesia untuk jenjang SMP3', 150000.00, 19),
(711, 'smp3_002', 'smp3', 'Kelas Bahasa Indonesia untuk jenjang SMP3', 150000.00, 20),
(712, 'smp3_002', 'smp3', 'Kelas Bahasa Indonesia untuk jenjang SMP3', 150000.00, 21),
(713, 'smp3_003', 'smp3', 'Kelas Bahasa Inggris untuk jenjang SMP3', 150000.00, 12),
(714, 'smp3_003', 'smp3', 'Kelas Bahasa Inggris untuk jenjang SMP3', 150000.00, 13),
(715, 'smp3_003', 'smp3', 'Kelas Bahasa Inggris untuk jenjang SMP3', 150000.00, 14),
(716, 'smp3_003', 'smp3', 'Kelas Bahasa Inggris untuk jenjang SMP3', 150000.00, 15),
(717, 'smp3_003', 'smp3', 'Kelas Bahasa Inggris untuk jenjang SMP3', 150000.00, 16),
(718, 'smp3_003', 'smp3', 'Kelas Bahasa Inggris untuk jenjang SMP3', 150000.00, 17),
(719, 'smp3_003', 'smp3', 'Kelas Bahasa Inggris untuk jenjang SMP3', 150000.00, 18),
(720, 'smp3_003', 'smp3', 'Kelas Bahasa Inggris untuk jenjang SMP3', 150000.00, 19),
(721, 'smp3_003', 'smp3', 'Kelas Bahasa Inggris untuk jenjang SMP3', 150000.00, 20),
(722, 'smp3_003', 'smp3', 'Kelas Bahasa Inggris untuk jenjang SMP3', 150000.00, 21),
(723, 'smp3_004', 'smp3', 'Kelas IPA untuk jenjang SMP3', 150000.00, 12),
(724, 'smp3_004', 'smp3', 'Kelas IPA untuk jenjang SMP3', 150000.00, 13),
(725, 'smp3_004', 'smp3', 'Kelas IPA untuk jenjang SMP3', 150000.00, 14),
(726, 'smp3_004', 'smp3', 'Kelas IPA untuk jenjang SMP3', 150000.00, 15),
(727, 'smp3_004', 'smp3', 'Kelas IPA untuk jenjang SMP3', 150000.00, 16),
(728, 'smp3_004', 'smp3', 'Kelas IPA untuk jenjang SMP3', 150000.00, 17),
(729, 'smp3_004', 'smp3', 'Kelas IPA untuk jenjang SMP3', 150000.00, 18),
(730, 'smp3_004', 'smp3', 'Kelas IPA untuk jenjang SMP3', 150000.00, 19),
(731, 'smp3_004', 'smp3', 'Kelas IPA untuk jenjang SMP3', 150000.00, 20),
(732, 'smp3_004', 'smp3', 'Kelas IPA untuk jenjang SMP3', 150000.00, 21),
(733, 'smp3_005', 'smp3', 'Kelas IPS untuk jenjang SMP3', 150000.00, 12),
(734, 'smp3_005', 'smp3', 'Kelas IPS untuk jenjang SMP3', 150000.00, 13),
(735, 'smp3_005', 'smp3', 'Kelas IPS untuk jenjang SMP3', 150000.00, 14),
(736, 'smp3_005', 'smp3', 'Kelas IPS untuk jenjang SMP3', 150000.00, 15),
(737, 'smp3_005', 'smp3', 'Kelas IPS untuk jenjang SMP3', 150000.00, 16),
(738, 'smp3_005', 'smp3', 'Kelas IPS untuk jenjang SMP3', 150000.00, 17),
(739, 'smp3_005', 'smp3', 'Kelas IPS untuk jenjang SMP3', 150000.00, 18),
(740, 'smp3_005', 'smp3', 'Kelas IPS untuk jenjang SMP3', 150000.00, 19),
(741, 'smp3_005', 'smp3', 'Kelas IPS untuk jenjang SMP3', 150000.00, 20),
(742, 'smp3_005', 'smp3', 'Kelas IPS untuk jenjang SMP3', 150000.00, 21),
(743, 'smp3_006', 'smp3', 'Kelas Informatika untuk jenjang SMP3', 150000.00, 12),
(744, 'smp3_006', 'smp3', 'Kelas Informatika untuk jenjang SMP3', 150000.00, 13),
(745, 'smp3_006', 'smp3', 'Kelas Informatika untuk jenjang SMP3', 150000.00, 14),
(746, 'smp3_006', 'smp3', 'Kelas Informatika untuk jenjang SMP3', 150000.00, 15),
(747, 'smp3_006', 'smp3', 'Kelas Informatika untuk jenjang SMP3', 150000.00, 16),
(748, 'smp3_006', 'smp3', 'Kelas Informatika untuk jenjang SMP3', 150000.00, 17),
(749, 'smp3_006', 'smp3', 'Kelas Informatika untuk jenjang SMP3', 150000.00, 18),
(750, 'smp3_006', 'smp3', 'Kelas Informatika untuk jenjang SMP3', 150000.00, 19),
(751, 'smp3_006', 'smp3', 'Kelas Informatika untuk jenjang SMP3', 150000.00, 20),
(752, 'smp3_006', 'smp3', 'Kelas Informatika untuk jenjang SMP3', 150000.00, 21);

-- --------------------------------------------------------

--
-- Struktur dari tabel `mapel`
--

CREATE TABLE `mapel` (
  `mapel_id` varchar(20) NOT NULL,
  `nama_mapel` varchar(100) NOT NULL,
  `jenjang` enum('sd1','sd2','sd3','sd4','sd5','sd6','smp1','smp2','smp3','sma1','sma2','sma3') NOT NULL
) ENGINE=InnoDB DEFAULT CHARSET=utf8mb4 COLLATE=utf8mb4_general_ci;

--
-- Dumping data untuk tabel `mapel`
--

INSERT INTO `mapel` (`mapel_id`, `nama_mapel`, `jenjang`) VALUES
('sd1_001', 'Matematika', 'sd1'),
('sd1_002', 'IPAS', 'sd1'),
('sd1_003', 'Bahasa Indonesia', 'sd1'),
('sd1_004', 'Bahasa Inggris', 'sd1'),
('sd2_001', 'Matematika', 'sd2'),
('sd2_002', 'IPAS', 'sd2'),
('sd2_003', 'Bahasa Indonesia', 'sd2'),
('sd2_004', 'Bahasa Inggris', 'sd2'),
('sd3_001', 'Matematika', 'sd3'),
('sd3_002', 'IPAS', 'sd3'),
('sd3_003', 'Bahasa Indonesia', 'sd3'),
('sd3_004', 'Bahasa Inggris', 'sd3'),
('sd4_001', 'Matematika', 'sd4'),
('sd4_002', 'IPAS', 'sd4'),
('sd4_003', 'Bahasa Indonesia', 'sd4'),
('sd4_004', 'Bahasa Inggris', 'sd4'),
('sd5_001', 'Matematika', 'sd5'),
('sd5_002', 'IPAS', 'sd5'),
('sd5_003', 'Bahasa Indonesia', 'sd5'),
('sd5_004', 'Bahasa Inggris', 'sd5'),
('sd6_001', 'Matematika', 'sd6'),
('sd6_002', 'IPAS', 'sd6'),
('sd6_003', 'Bahasa Indonesia', 'sd6'),
('sd6_004', 'Bahasa Inggris', 'sd6'),
('sma1_001', 'Matematika', 'sma1'),
('sma1_002', 'Bahasa Indonesia', 'sma1'),
('sma1_003', 'Bahasa Inggris', 'sma1'),
('sma1_004', 'Biologi', 'sma1'),
('sma1_005', 'Fisika', 'sma1'),
('sma1_006', 'Kimia', 'sma1'),
('sma1_007', 'Sejarah', 'sma1'),
('sma1_008', 'Ekonomi', 'sma1'),
('sma1_009', 'Geografi', 'sma1'),
('sma1_010', 'Sosiologi', 'sma1'),
('sma1_011', 'Informatika', 'sma1'),
('sma2_001', 'Matematika', 'sma2'),
('sma2_002', 'Bahasa Indonesia', 'sma2'),
('sma2_003', 'Bahasa Inggris', 'sma2'),
('sma2_004', 'Biologi', 'sma2'),
('sma2_005', 'Fisika', 'sma2'),
('sma2_006', 'Kimia', 'sma2'),
('sma2_007', 'Sejarah', 'sma2'),
('sma2_008', 'Ekonomi', 'sma2'),
('sma2_009', 'Geografi', 'sma2'),
('sma2_010', 'Sosiologi', 'sma2'),
('sma2_011', 'Informatika', 'sma2'),
('sma3_001', 'Matematika', 'sma3'),
('sma3_002', 'Bahasa Indonesia', 'sma3'),
('sma3_003', 'Bahasa Inggris', 'sma3'),
('sma3_004', 'Biologi', 'sma3'),
('sma3_005', 'Fisika', 'sma3'),
('sma3_006', 'Kimia', 'sma3'),
('sma3_007', 'Sejarah', 'sma3'),
('sma3_008', 'Ekonomi', 'sma3'),
('sma3_009', 'Geografi', 'sma3'),
('sma3_010', 'Sosiologi', 'sma3'),
('sma3_011', 'Informatika', 'sma3'),
('smp1_001', 'Matematika', 'smp1'),
('smp1_002', 'Bahasa Indonesia', 'smp1'),
('smp1_003', 'Bahasa Inggris', 'smp1'),
('smp1_004', 'IPA', 'smp1'),
('smp1_005', 'IPS', 'smp1'),
('smp1_006', 'Informatika', 'smp1'),
('smp2_001', 'Matematika', 'smp2'),
('smp2_002', 'Bahasa Indonesia', 'smp2'),
('smp2_003', 'Bahasa Inggris', 'smp2'),
('smp2_004', 'IPA', 'smp2'),
('smp2_005', 'IPS', 'smp2'),
('smp2_006', 'Informatika', 'smp2'),
('smp3_001', 'Matematika', 'smp3'),
('smp3_002', 'Bahasa Indonesia', 'smp3'),
('smp3_003', 'Bahasa Inggris', 'smp3'),
('smp3_004', 'IPA', 'smp3'),
('smp3_005', 'IPS', 'smp3'),
('smp3_006', 'Informatika', 'smp3');

-- --------------------------------------------------------

--
-- Struktur dari tabel `materi`
--

CREATE TABLE `materi` (
  `materi_id` bigint(20) NOT NULL,
  `mapel_id` varchar(20) NOT NULL,
  `judul_materi` varchar(200) DEFAULT NULL,
  `tipe` enum('zoom','pdf','quiz','video') DEFAULT NULL,
  `urutan` smallint(6) DEFAULT NULL,
  `content_url` varchar(300) DEFAULT NULL,
  `jenjang` enum('sd1','sd2','sd3','sd4','sd5','sd6','smp1','smp2','smp3','sma1','sma2','sma3') NOT NULL,
  `created_at` timestamp NOT NULL DEFAULT current_timestamp()
) ENGINE=InnoDB DEFAULT CHARSET=utf8mb4 COLLATE=utf8mb4_general_ci;

--
-- Dumping data untuk tabel `materi`
--

INSERT INTO `materi` (`materi_id`, `mapel_id`, `judul_materi`, `tipe`, `urutan`, `content_url`, `jenjang`, `created_at`) VALUES
(3, 'sd1_001', 'Materi Matematika SD1', 'pdf', 1, 'http://dummy.link/materi/sd1/matematika.pdf', 'sd1', '2025-10-05 12:45:42'),
(4, 'sd1_001', 'Pertemuan Zoom Matematika SD1', 'zoom', 2, 'http://dummy.link/zoom/sd1/matematika', 'sd1', '2025-10-05 12:45:42'),
(5, 'sd1_002', 'Materi IPAS SD1', 'pdf', 1, 'http://dummy.link/materi/sd1/ipas.pdf', 'sd1', '2025-10-05 12:45:42'),
(6, 'sd1_002', 'Pertemuan Zoom IPAS SD1', 'zoom', 2, 'http://dummy.link/zoom/sd1/ipas', 'sd1', '2025-10-05 12:45:42'),
(7, 'sd1_003', 'Materi Bahasa Indonesia SD1', 'pdf', 1, 'http://dummy.link/materi/sd1/bahasa-indonesia.pdf', 'sd1', '2025-10-05 12:45:42'),
(8, 'sd1_003', 'Pertemuan Zoom Bahasa Indonesia SD1', 'zoom', 2, 'http://dummy.link/zoom/sd1/bahasa-indonesia', 'sd1', '2025-10-05 12:45:42'),
(9, 'sd1_004', 'Materi Bahasa Inggris SD1', 'pdf', 1, 'http://dummy.link/materi/sd1/bahasa-inggris.pdf', 'sd1', '2025-10-05 12:45:42'),
(10, 'sd1_004', 'Pertemuan Zoom Bahasa Inggris SD1', 'zoom', 2, 'http://dummy.link/zoom/sd1/bahasa-inggris', 'sd1', '2025-10-05 12:45:42'),
(11, 'sd2_001', 'Materi Matematika SD2', 'pdf', 1, 'http://dummy.link/materi/sd2/matematika.pdf', 'sd2', '2025-10-05 12:45:42'),
(12, 'sd2_001', 'Pertemuan Zoom Matematika SD2', 'zoom', 2, 'http://dummy.link/zoom/sd2/matematika', 'sd2', '2025-10-05 12:45:42'),
(13, 'sd2_002', 'Materi IPAS SD2', 'pdf', 1, 'http://dummy.link/materi/sd2/ipas.pdf', 'sd2', '2025-10-05 12:45:42'),
(14, 'sd2_002', 'Pertemuan Zoom IPAS SD2', 'zoom', 2, 'http://dummy.link/zoom/sd2/ipas', 'sd2', '2025-10-05 12:45:42'),
(15, 'sd2_003', 'Materi Bahasa Indonesia SD2', 'pdf', 1, 'http://dummy.link/materi/sd2/bahasa-indonesia.pdf', 'sd2', '2025-10-05 12:45:42'),
(16, 'sd2_003', 'Pertemuan Zoom Bahasa Indonesia SD2', 'zoom', 2, 'http://dummy.link/zoom/sd2/bahasa-indonesia', 'sd2', '2025-10-05 12:45:42'),
(17, 'sd2_004', 'Materi Bahasa Inggris SD2', 'pdf', 1, 'http://dummy.link/materi/sd2/bahasa-inggris.pdf', 'sd2', '2025-10-05 12:45:42'),
(18, 'sd2_004', 'Pertemuan Zoom Bahasa Inggris SD2', 'zoom', 2, 'http://dummy.link/zoom/sd2/bahasa-inggris', 'sd2', '2025-10-05 12:45:42'),
(19, 'sd3_001', 'Materi Matematika SD3', 'pdf', 1, 'http://dummy.link/materi/sd3/matematika.pdf', 'sd3', '2025-10-05 12:45:42'),
(20, 'sd3_001', 'Pertemuan Zoom Matematika SD3', 'zoom', 2, 'http://dummy.link/zoom/sd3/matematika', 'sd3', '2025-10-05 12:45:42'),
(21, 'sd3_002', 'Materi IPAS SD3', 'pdf', 1, 'http://dummy.link/materi/sd3/ipas.pdf', 'sd3', '2025-10-05 12:45:42'),
(22, 'sd3_002', 'Pertemuan Zoom IPAS SD3', 'zoom', 2, 'http://dummy.link/zoom/sd3/ipas', 'sd3', '2025-10-05 12:45:42'),
(23, 'sd3_003', 'Materi Bahasa Indonesia SD3', 'pdf', 1, 'http://dummy.link/materi/sd3/bahasa-indonesia.pdf', 'sd3', '2025-10-05 12:45:42'),
(24, 'sd3_003', 'Pertemuan Zoom Bahasa Indonesia SD3', 'zoom', 2, 'http://dummy.link/zoom/sd3/bahasa-indonesia', 'sd3', '2025-10-05 12:45:42'),
(25, 'sd3_004', 'Materi Bahasa Inggris SD3', 'pdf', 1, 'http://dummy.link/materi/sd3/bahasa-inggris.pdf', 'sd3', '2025-10-05 12:45:42'),
(26, 'sd3_004', 'Pertemuan Zoom Bahasa Inggris SD3', 'zoom', 2, 'http://dummy.link/zoom/sd3/bahasa-inggris', 'sd3', '2025-10-05 12:45:42'),
(27, 'sd4_001', 'Materi Matematika SD4', 'pdf', 1, 'http://dummy.link/materi/sd4/matematika.pdf', 'sd4', '2025-10-05 12:45:42'),
(28, 'sd4_001', 'Pertemuan Zoom Matematika SD4', 'zoom', 2, 'http://dummy.link/zoom/sd4/matematika', 'sd4', '2025-10-05 12:45:42'),
(29, 'sd4_002', 'Materi IPAS SD4', 'pdf', 1, 'http://dummy.link/materi/sd4/ipas.pdf', 'sd4', '2025-10-05 12:45:42'),
(30, 'sd4_002', 'Pertemuan Zoom IPAS SD4', 'zoom', 2, 'http://dummy.link/zoom/sd4/ipas', 'sd4', '2025-10-05 12:45:42'),
(31, 'sd4_003', 'Materi Bahasa Indonesia SD4', 'pdf', 1, 'http://dummy.link/materi/sd4/bahasa-indonesia.pdf', 'sd4', '2025-10-05 12:45:42'),
(32, 'sd4_003', 'Pertemuan Zoom Bahasa Indonesia SD4', 'zoom', 2, 'http://dummy.link/zoom/sd4/bahasa-indonesia', 'sd4', '2025-10-05 12:45:42'),
(33, 'sd4_004', 'Materi Bahasa Inggris SD4', 'pdf', 1, 'http://dummy.link/materi/sd4/bahasa-inggris.pdf', 'sd4', '2025-10-05 12:45:42'),
(34, 'sd4_004', 'Pertemuan Zoom Bahasa Inggris SD4', 'zoom', 2, 'http://dummy.link/zoom/sd4/bahasa-inggris', 'sd4', '2025-10-05 12:45:42'),
(35, 'sd5_001', 'Materi Matematika SD5', 'pdf', 1, 'http://dummy.link/materi/sd5/matematika.pdf', 'sd5', '2025-10-05 12:45:42'),
(36, 'sd5_001', 'Pertemuan Zoom Matematika SD5', 'zoom', 2, 'http://dummy.link/zoom/sd5/matematika', 'sd5', '2025-10-05 12:45:42'),
(37, 'sd5_002', 'Materi IPAS SD5', 'pdf', 1, 'http://dummy.link/materi/sd5/ipas.pdf', 'sd5', '2025-10-05 12:45:42'),
(38, 'sd5_002', 'Pertemuan Zoom IPAS SD5', 'zoom', 2, 'http://dummy.link/zoom/sd5/ipas', 'sd5', '2025-10-05 12:45:42'),
(39, 'sd5_003', 'Materi Bahasa Indonesia SD5', 'pdf', 1, 'http://dummy.link/materi/sd5/bahasa-indonesia.pdf', 'sd5', '2025-10-05 12:45:42'),
(40, 'sd5_003', 'Pertemuan Zoom Bahasa Indonesia SD5', 'zoom', 2, 'http://dummy.link/zoom/sd5/bahasa-indonesia', 'sd5', '2025-10-05 12:45:42'),
(41, 'sd5_004', 'Materi Bahasa Inggris SD5', 'pdf', 1, 'http://dummy.link/materi/sd5/bahasa-inggris.pdf', 'sd5', '2025-10-05 12:45:42'),
(42, 'sd5_004', 'Pertemuan Zoom Bahasa Inggris SD5', 'zoom', 2, 'http://dummy.link/zoom/sd5/bahasa-inggris', 'sd5', '2025-10-05 12:45:42'),
(43, 'sd6_001', 'Materi Matematika SD6', 'pdf', 1, 'http://dummy.link/materi/sd6/matematika.pdf', 'sd6', '2025-10-05 12:45:42'),
(44, 'sd6_001', 'Pertemuan Zoom Matematika SD6', 'zoom', 2, 'http://dummy.link/zoom/sd6/matematika', 'sd6', '2025-10-05 12:45:42'),
(45, 'sd6_002', 'Materi IPAS SD6', 'pdf', 1, 'http://dummy.link/materi/sd6/ipas.pdf', 'sd6', '2025-10-05 12:45:42'),
(46, 'sd6_002', 'Pertemuan Zoom IPAS SD6', 'zoom', 2, 'http://dummy.link/zoom/sd6/ipas', 'sd6', '2025-10-05 12:45:42'),
(47, 'sd6_003', 'Materi Bahasa Indonesia SD6', 'pdf', 1, 'http://dummy.link/materi/sd6/bahasa-indonesia.pdf', 'sd6', '2025-10-05 12:45:42'),
(48, 'sd6_003', 'Pertemuan Zoom Bahasa Indonesia SD6', 'zoom', 2, 'http://dummy.link/zoom/sd6/bahasa-indonesia', 'sd6', '2025-10-05 12:45:42'),
(49, 'sd6_004', 'Materi Bahasa Inggris SD6', 'pdf', 1, 'http://dummy.link/materi/sd6/bahasa-inggris.pdf', 'sd6', '2025-10-05 12:45:42'),
(50, 'sd6_004', 'Pertemuan Zoom Bahasa Inggris SD6', 'zoom', 2, 'http://dummy.link/zoom/sd6/bahasa-inggris', 'sd6', '2025-10-05 12:45:42'),
(51, 'smp1_001', 'Materi Matematika SMP1', 'pdf', 1, 'http://dummy.link/materi/smp1/matematika.pdf', 'smp1', '2025-10-05 12:45:42'),
(52, 'smp1_001', 'Pertemuan Zoom Matematika SMP1', 'zoom', 2, 'http://dummy.link/zoom/smp1/matematika', 'smp1', '2025-10-05 12:45:42'),
(53, 'smp1_002', 'Materi Bahasa Indonesia SMP1', 'pdf', 1, 'http://dummy.link/materi/smp1/bahasa-indonesia.pdf', 'smp1', '2025-10-05 12:45:42'),
(54, 'smp1_002', 'Pertemuan Zoom Bahasa Indonesia SMP1', 'zoom', 2, 'http://dummy.link/zoom/smp1/bahasa-indonesia', 'smp1', '2025-10-05 12:45:42'),
(55, 'smp1_003', 'Materi Bahasa Inggris SMP1', 'pdf', 1, 'http://dummy.link/materi/smp1/bahasa-inggris.pdf', 'smp1', '2025-10-05 12:45:42'),
(56, 'smp1_003', 'Pertemuan Zoom Bahasa Inggris SMP1', 'zoom', 2, 'http://dummy.link/zoom/smp1/bahasa-inggris', 'smp1', '2025-10-05 12:45:42'),
(57, 'smp1_004', 'Materi IPA SMP1', 'pdf', 1, 'http://dummy.link/materi/smp1/ipa.pdf', 'smp1', '2025-10-05 12:45:42'),
(58, 'smp1_004', 'Pertemuan Zoom IPA SMP1', 'zoom', 2, 'http://dummy.link/zoom/smp1/ipa', 'smp1', '2025-10-05 12:45:42'),
(59, 'smp1_005', 'Materi IPS SMP1', 'pdf', 1, 'http://dummy.link/materi/smp1/ips.pdf', 'smp1', '2025-10-05 12:45:42'),
(60, 'smp1_005', 'Pertemuan Zoom IPS SMP1', 'zoom', 2, 'http://dummy.link/zoom/smp1/ips', 'smp1', '2025-10-05 12:45:42'),
(61, 'smp1_006', 'Materi Informatika SMP1', 'pdf', 1, 'http://dummy.link/materi/smp1/informatika.pdf', 'smp1', '2025-10-05 12:45:42'),
(62, 'smp1_006', 'Pertemuan Zoom Informatika SMP1', 'zoom', 2, 'http://dummy.link/zoom/smp1/informatika', 'smp1', '2025-10-05 12:45:42'),
(63, 'smp2_001', 'Materi Matematika SMP2', 'pdf', 1, 'http://dummy.link/materi/smp2/matematika.pdf', 'smp2', '2025-10-05 12:47:02'),
(64, 'smp2_001', 'Pertemuan Zoom Matematika SMP2', 'zoom', 2, 'http://dummy.link/zoom/smp2/matematika', 'smp2', '2025-10-05 12:47:02'),
(65, 'smp2_002', 'Materi Bahasa Indonesia SMP2', 'pdf', 1, 'http://dummy.link/materi/smp2/bahasa-indonesia.pdf', 'smp2', '2025-10-05 12:47:02'),
(66, 'smp2_002', 'Pertemuan Zoom Bahasa Indonesia SMP2', 'zoom', 2, 'http://dummy.link/zoom/smp2/bahasa-indonesia', 'smp2', '2025-10-05 12:47:02'),
(67, 'smp2_003', 'Materi Bahasa Inggris SMP2', 'pdf', 1, 'http://dummy.link/materi/smp2/bahasa-inggris.pdf', 'smp2', '2025-10-05 12:47:02'),
(68, 'smp2_003', 'Pertemuan Zoom Bahasa Inggris SMP2', 'zoom', 2, 'http://dummy.link/zoom/smp2/bahasa-inggris', 'smp2', '2025-10-05 12:47:02'),
(69, 'smp2_004', 'Materi IPA SMP2', 'pdf', 1, 'http://dummy.link/materi/smp2/ipa.pdf', 'smp2', '2025-10-05 12:47:02'),
(70, 'smp2_004', 'Pertemuan Zoom IPA SMP2', 'zoom', 2, 'http://dummy.link/zoom/smp2/ipa', 'smp2', '2025-10-05 12:47:02'),
(71, 'smp2_005', 'Materi IPS SMP2', 'pdf', 1, 'http://dummy.link/materi/smp2/ips.pdf', 'smp2', '2025-10-05 12:47:02'),
(72, 'smp2_005', 'Pertemuan Zoom IPS SMP2', 'zoom', 2, 'http://dummy.link/zoom/smp2/ips', 'smp2', '2025-10-05 12:47:02'),
(73, 'smp2_006', 'Materi Informatika SMP2', 'pdf', 1, 'http://dummy.link/materi/smp2/informatika.pdf', 'smp2', '2025-10-05 12:47:02'),
(74, 'smp2_006', 'Pertemuan Zoom Informatika SMP2', 'zoom', 2, 'http://dummy.link/zoom/smp2/informatika', 'smp2', '2025-10-05 12:47:02'),
(75, 'smp3_001', 'Materi Matematika SMP3', 'pdf', 1, 'http://dummy.link/materi/smp3/matematika.pdf', 'smp3', '2025-10-05 12:47:02'),
(76, 'smp3_001', 'Pertemuan Zoom Matematika SMP3', 'zoom', 2, 'http://dummy.link/zoom/smp3/matematika', 'smp3', '2025-10-05 12:47:02'),
(77, 'smp3_002', 'Materi Bahasa Indonesia SMP3', 'pdf', 1, 'http://dummy.link/materi/smp3/bahasa-indonesia.pdf', 'smp3', '2025-10-05 12:47:02'),
(78, 'smp3_002', 'Pertemuan Zoom Bahasa Indonesia SMP3', 'zoom', 2, 'http://dummy.link/zoom/smp3/bahasa-indonesia', 'smp3', '2025-10-05 12:47:02'),
(79, 'smp3_003', 'Materi Bahasa Inggris SMP3', 'pdf', 1, 'http://dummy.link/materi/smp3/bahasa-inggris.pdf', 'smp3', '2025-10-05 12:47:02'),
(80, 'smp3_003', 'Pertemuan Zoom Bahasa Inggris SMP3', 'zoom', 2, 'http://dummy.link/zoom/smp3/bahasa-inggris', 'smp3', '2025-10-05 12:47:02'),
(81, 'smp3_004', 'Materi IPA SMP3', 'pdf', 1, 'http://dummy.link/materi/smp3/ipa.pdf', 'smp3', '2025-10-05 12:47:02'),
(82, 'smp3_004', 'Pertemuan Zoom IPA SMP3', 'zoom', 2, 'http://dummy.link/zoom/smp3/ipa', 'smp3', '2025-10-05 12:47:02'),
(83, 'smp3_005', 'Materi IPS SMP3', 'pdf', 1, 'http://dummy.link/materi/smp3/ips.pdf', 'smp3', '2025-10-05 12:47:02'),
(84, 'smp3_005', 'Pertemuan Zoom IPS SMP3', 'zoom', 2, 'http://dummy.link/zoom/smp3/ips', 'smp3', '2025-10-05 12:47:02'),
(85, 'smp3_006', 'Materi Informatika SMP3', 'pdf', 1, 'http://dummy.link/materi/smp3/informatika.pdf', 'smp3', '2025-10-05 12:47:02'),
(86, 'smp3_006', 'Pertemuan Zoom Informatika SMP3', 'zoom', 2, 'http://dummy.link/zoom/smp3/informatika', 'smp3', '2025-10-05 12:47:02'),
(87, 'sma1_001', 'Materi Matematika SMA1', 'pdf', 1, 'http://dummy.link/materi/sma1/matematika.pdf', 'sma1', '2025-10-05 12:47:02'),
(88, 'sma1_001', 'Pertemuan Zoom Matematika SMA1', 'zoom', 2, 'http://dummy.link/zoom/sma1/matematika', 'sma1', '2025-10-05 12:47:02'),
(89, 'sma1_002', 'Materi Bahasa Indonesia SMA1', 'pdf', 1, 'http://dummy.link/materi/sma1/bahasa-indonesia.pdf', 'sma1', '2025-10-05 12:47:02'),
(90, 'sma1_002', 'Pertemuan Zoom Bahasa Indonesia SMA1', 'zoom', 2, 'http://dummy.link/zoom/sma1/bahasa-indonesia', 'sma1', '2025-10-05 12:47:02'),
(91, 'sma1_003', 'Materi Bahasa Inggris SMA1', 'pdf', 1, 'http://dummy.link/materi/sma1/bahasa-inggris.pdf', 'sma1', '2025-10-05 12:47:02'),
(92, 'sma1_003', 'Pertemuan Zoom Bahasa Inggris SMA1', 'zoom', 2, 'http://dummy.link/zoom/sma1/bahasa-inggris', 'sma1', '2025-10-05 12:47:02'),
(93, 'sma1_004', 'Materi Fisika SMA1', 'pdf', 1, 'http://dummy.link/materi/sma1/fisika.pdf', 'sma1', '2025-10-05 12:47:02'),
(94, 'sma1_004', 'Pertemuan Zoom Fisika SMA1', 'zoom', 2, 'http://dummy.link/zoom/sma1/fisika', 'sma1', '2025-10-05 12:47:02'),
(95, 'sma1_005', 'Materi Kimia SMA1', 'pdf', 1, 'http://dummy.link/materi/sma1/kimia.pdf', 'sma1', '2025-10-05 12:47:02'),
(96, 'sma1_005', 'Pertemuan Zoom Kimia SMA1', 'zoom', 2, 'http://dummy.link/zoom/sma1/kimia', 'sma1', '2025-10-05 12:47:02'),
(97, 'sma1_006', 'Materi Biologi SMA1', 'pdf', 1, 'http://dummy.link/materi/sma1/biologi.pdf', 'sma1', '2025-10-05 12:47:02'),
(98, 'sma1_006', 'Pertemuan Zoom Biologi SMA1', 'zoom', 2, 'http://dummy.link/zoom/sma1/biologi', 'sma1', '2025-10-05 12:47:02'),
(99, 'sma2_001', 'Materi Matematika SMA2', 'pdf', 1, 'http://dummy.link/materi/sma2/matematika.pdf', 'sma2', '2025-10-05 12:47:02'),
(100, 'sma2_001', 'Pertemuan Zoom Matematika SMA2', 'zoom', 2, 'http://dummy.link/zoom/sma2/matematika', 'sma2', '2025-10-05 12:47:02'),
(101, 'sma2_002', 'Materi Bahasa Indonesia SMA2', 'pdf', 1, 'http://dummy.link/materi/sma2/bahasa-indonesia.pdf', 'sma2', '2025-10-05 12:47:02'),
(102, 'sma2_002', 'Pertemuan Zoom Bahasa Indonesia SMA2', 'zoom', 2, 'http://dummy.link/zoom/sma2/bahasa-indonesia', 'sma2', '2025-10-05 12:47:02'),
(103, 'sma2_003', 'Materi Bahasa Inggris SMA2', 'pdf', 1, 'http://dummy.link/materi/sma2/bahasa-inggris.pdf', 'sma2', '2025-10-05 12:47:02'),
(104, 'sma2_003', 'Pertemuan Zoom Bahasa Inggris SMA2', 'zoom', 2, 'http://dummy.link/zoom/sma2/bahasa-inggris', 'sma2', '2025-10-05 12:47:02'),
(105, 'sma2_004', 'Materi Fisika SMA2', 'pdf', 1, 'http://dummy.link/materi/sma2/fisika.pdf', 'sma2', '2025-10-05 12:47:02'),
(106, 'sma2_004', 'Pertemuan Zoom Fisika SMA2', 'zoom', 2, 'http://dummy.link/zoom/sma2/fisika', 'sma2', '2025-10-05 12:47:02'),
(107, 'sma2_005', 'Materi Kimia SMA2', 'pdf', 1, 'http://dummy.link/materi/sma2/kimia.pdf', 'sma2', '2025-10-05 12:47:02'),
(108, 'sma2_005', 'Pertemuan Zoom Kimia SMA2', 'zoom', 2, 'http://dummy.link/zoom/sma2/kimia', 'sma2', '2025-10-05 12:47:02'),
(109, 'sma2_006', 'Materi Biologi SMA2', 'pdf', 1, 'http://dummy.link/materi/sma2/biologi.pdf', 'sma2', '2025-10-05 12:47:02'),
(110, 'sma2_006', 'Pertemuan Zoom Biologi SMA2', 'zoom', 2, 'http://dummy.link/zoom/sma2/biologi', 'sma2', '2025-10-05 12:47:02'),
(111, 'sma3_001', 'Materi Matematika SMA3', 'pdf', 1, 'http://dummy.link/materi/sma3/matematika.pdf', 'sma3', '2025-10-05 12:47:02'),
(112, 'sma3_001', 'Pertemuan Zoom Matematika SMA3', 'zoom', 2, 'http://dummy.link/zoom/sma3/matematika', 'sma3', '2025-10-05 12:47:02'),
(113, 'sma3_002', 'Materi Bahasa Indonesia SMA3', 'pdf', 1, 'http://dummy.link/materi/sma3/bahasa-indonesia.pdf', 'sma3', '2025-10-05 12:47:02'),
(114, 'sma3_002', 'Pertemuan Zoom Bahasa Indonesia SMA3', 'zoom', 2, 'http://dummy.link/zoom/sma3/bahasa-indonesia', 'sma3', '2025-10-05 12:47:02'),
(115, 'sma3_003', 'Materi Bahasa Inggris SMA3', 'pdf', 1, 'http://dummy.link/materi/sma3/bahasa-inggris.pdf', 'sma3', '2025-10-05 12:47:02'),
(116, 'sma3_003', 'Pertemuan Zoom Bahasa Inggris SMA3', 'zoom', 2, 'http://dummy.link/zoom/sma3/bahasa-inggris', 'sma3', '2025-10-05 12:47:02'),
(117, 'sma3_004', 'Materi Fisika SMA3', 'pdf', 1, 'http://dummy.link/materi/sma3/fisika.pdf', 'sma3', '2025-10-05 12:47:02'),
(118, 'sma3_004', 'Pertemuan Zoom Fisika SMA3', 'zoom', 2, 'http://dummy.link/zoom/sma3/fisika', 'sma3', '2025-10-05 12:47:02'),
(119, 'sma3_005', 'Materi Kimia SMA3', 'pdf', 1, 'http://dummy.link/materi/sma3/kimia.pdf', 'sma3', '2025-10-05 12:47:02'),
(120, 'sma3_005', 'Pertemuan Zoom Kimia SMA3', 'zoom', 2, 'http://dummy.link/zoom/sma3/kimia', 'sma3', '2025-10-05 12:47:02'),
(121, 'sma3_006', 'Materi Biologi SMA3', 'pdf', 1, 'http://dummy.link/materi/sma3/biologi.pdf', 'sma3', '2025-10-05 12:47:02'),
(122, 'sma3_006', 'Pertemuan Zoom Biologi SMA3', 'zoom', 2, 'http://dummy.link/zoom/sma3/biologi', 'sma3', '2025-10-05 12:47:02');

-- --------------------------------------------------------

--
-- Struktur dari tabel `migrations`
--

CREATE TABLE `migrations` (
  `id` int(10) UNSIGNED NOT NULL,
  `migration` varchar(255) NOT NULL,
  `batch` int(11) NOT NULL
) ENGINE=InnoDB DEFAULT CHARSET=utf8mb4 COLLATE=utf8mb4_unicode_ci;

--
-- Dumping data untuk tabel `migrations`
--

INSERT INTO `migrations` (`id`, `migration`, `batch`) VALUES
(1, '0001_01_01_000001_create_cache_table', 1),
(2, '0001_01_01_000002_create_jobs_table', 1),
(3, '2025_09_15_115610_create_games_table', 1),
(4, '2025_10_05_092327_create_sessions_table', 2),
(5, '2025_10_05_155637_add_updated_at_to_transaksi_table', 3),
(6, '2025_10_05_162146_update_enum_metode_bayar_in_transaksi_table', 4),
(7, '2025_10_06_104841_create_tutor_assignments_table', 5);

-- --------------------------------------------------------

--
-- Struktur dari tabel `pendaftaran`
--

CREATE TABLE `pendaftaran` (
  `daftar_id` bigint(20) NOT NULL,
  `siswa_id` varchar(10) NOT NULL,
  `kelas_id` bigint(20) NOT NULL,
  `status` enum('pending','confirmed','cancelled') DEFAULT 'pending',
  `tanggal_daftar` timestamp NOT NULL DEFAULT current_timestamp(),
  `durasi` enum('1_bulan','3_bulan','6_bulan') DEFAULT '1_bulan',
  `transaksi_id` bigint(20) DEFAULT NULL
) ENGINE=InnoDB DEFAULT CHARSET=utf8mb4 COLLATE=utf8mb4_general_ci;

--
-- Dumping data untuk tabel `pendaftaran`
--

INSERT INTO `pendaftaran` (`daftar_id`, `siswa_id`, `kelas_id`, `status`, `tanggal_daftar`, `durasi`, `transaksi_id`) VALUES
(2, 'S002', 41, 'pending', '2025-10-05 08:27:31', '3_bulan', NULL),
(3, 'S002', 41, 'pending', '2025-10-05 08:27:44', '1_bulan', NULL),
(4, 'S003', 481, 'pending', '2025-10-05 08:53:43', '1_bulan', 2),
(5, 'S003', 481, 'pending', '2025-10-05 09:01:05', '1_bulan', 3),
(6, 'S003', 572, 'pending', '2025-10-05 09:17:52', '1_bulan', 4),
(7, 'S003', 32, 'pending', '2025-10-05 09:39:03', '1_bulan', 5),
(8, 'S003', 417, 'pending', '2025-10-06 02:19:56', '6_bulan', 6),
(9, 'S003', 3, 'pending', '2025-10-07 11:55:26', '1_bulan', 7),
(10, 'S004', 128, 'pending', '2025-10-07 12:07:43', '6_bulan', 8),
(11, 'S005', 56, 'pending', '2025-10-07 12:50:36', '6_bulan', 9),
(12, 'S005', 57, 'pending', '2025-10-07 14:26:59', '3_bulan', 10),
(13, 'S007', 564, 'pending', '2025-10-25 10:28:43', '3_bulan', 11),
(14, 'S008', 224, 'pending', '2025-03-15 02:30:28', '6_bulan', 12),
(15, 'S008', 80, 'pending', '2024-06-17 02:19:29', '3_bulan', 13),
(16, 'S011', 215, 'pending', '2024-11-28 02:39:38', '3_bulan', 14),
(17, 'S011', 101, 'pending', '2024-08-26 10:41:12', '3_bulan', 15),
(18, 'S012', 131, 'pending', '2024-08-04 06:45:05', '1_bulan', 16),
(19, 'S012', 168, 'pending', '2024-04-23 08:28:33', '1_bulan', 17),
(20, 'S012', 159, 'pending', '2025-06-10 07:26:49', '1_bulan', 18),
(21, 'S014', 276, 'pending', '2024-09-22 07:18:16', '3_bulan', 19),
(22, 'S014', 551, 'pending', '2025-02-19 03:58:22', '1_bulan', 20),
(23, 'S015', 309, 'pending', '2024-05-18 07:41:50', '6_bulan', 21),
(24, 'S015', 308, 'pending', '2024-11-22 07:32:23', '6_bulan', 22),
(25, 'S015', 428, 'pending', '2024-04-11 08:12:14', '3_bulan', 23),
(26, 'S016', 22, 'pending', '2024-09-25 09:53:47', '3_bulan', 24),
(27, 'S018', 227, 'pending', '2024-10-13 03:10:11', '6_bulan', 25),
(28, 'S018', 200, 'pending', '2024-12-15 01:26:23', '6_bulan', 26),
(29, 'S019', 470, 'pending', '2025-12-26 08:14:34', '6_bulan', 27),
(30, 'S020', 692, 'pending', '2025-11-19 08:29:49', '1_bulan', 28),
(31, 'S020', 669, 'pending', '2025-03-27 04:51:38', '6_bulan', 29),
(32, 'S021', 16, 'pending', '2025-06-18 02:45:54', '6_bulan', 30),
(33, 'S021', 220, 'pending', '2025-02-25 03:17:28', '1_bulan', 31),
(34, 'S022', 215, 'pending', '2024-04-27 08:56:22', '3_bulan', 32),
(35, 'S023', 16, 'pending', '2025-04-13 02:23:14', '3_bulan', 33),
(36, 'S023', 84, 'pending', '2025-03-05 01:18:58', '1_bulan', 34),
(37, 'S023', 181, 'pending', '2025-08-20 01:57:05', '1_bulan', 35),
(38, 'S024', 627, 'pending', '2025-02-25 05:15:19', '1_bulan', 36),
(39, 'S024', 584, 'pending', '2025-11-26 10:29:04', '1_bulan', 37),
(40, 'S025', 155, 'pending', '2024-11-17 10:15:45', '6_bulan', 38),
(41, 'S025', 77, 'pending', '2024-10-12 04:36:26', '3_bulan', 39),
(42, 'S025', 173, 'pending', '2024-09-12 02:33:34', '6_bulan', 40),
(43, 'S027', 483, 'pending', '2025-06-09 01:22:50', '1_bulan', 41),
(44, 'S027', 419, 'pending', '2024-10-24 06:08:02', '1_bulan', 42),
(45, 'S027', 522, 'pending', '2024-11-15 08:40:11', '3_bulan', 43),
(46, 'S029', 261, 'pending', '2024-01-26 04:56:02', '3_bulan', 44),
(47, 'S029', 401, 'pending', '2025-09-16 05:02:48', '6_bulan', 45),
(48, 'S029', 340, 'pending', '2025-01-28 06:17:07', '3_bulan', 46),
(49, 'S030', 674, 'pending', '2025-07-11 03:31:44', '6_bulan', 47),
(50, 'S030', 666, 'pending', '2025-02-24 07:05:27', '6_bulan', 48),
(51, 'S030', 618, 'pending', '2025-06-04 02:20:42', '6_bulan', 49),
(52, 'S031', 117, 'pending', '2025-03-23 08:22:28', '6_bulan', 50),
(53, 'S031', 189, 'pending', '2025-05-21 01:04:42', '3_bulan', 51),
(54, 'S032', 96, 'pending', '2024-01-05 10:43:50', '6_bulan', 52),
(55, 'S032', 11, 'pending', '2024-04-25 06:23:24', '1_bulan', 53),
(56, 'S032', 11, 'pending', '2024-11-15 06:23:28', '6_bulan', 54),
(57, 'S033', 138, 'pending', '2025-06-21 05:15:07', '3_bulan', 55),
(58, 'S034', 498, 'pending', '2025-09-04 05:49:16', '6_bulan', 56),
(59, 'S035', 352, 'pending', '2025-12-16 04:07:08', '6_bulan', 57),
(60, 'S035', 474, 'pending', '2025-02-26 06:42:22', '1_bulan', 58),
(61, 'S035', 276, 'pending', '2025-05-28 03:45:45', '6_bulan', 59),
(62, 'S036', 428, 'pending', '2024-02-07 03:15:50', '6_bulan', 60),
(63, 'S038', 144, 'pending', '2025-08-26 09:08:39', '6_bulan', 61),
(64, 'S038', 19, 'pending', '2025-12-24 08:33:26', '3_bulan', 62),
(65, 'S040', 405, 'pending', '2024-08-15 09:22:08', '6_bulan', 63),
(66, 'S041', 199, 'pending', '2025-09-28 01:53:07', '1_bulan', 64),
(67, 'S042', 649, 'pending', '2024-06-23 04:22:33', '1_bulan', 65),
(68, 'S044', 343, 'pending', '2025-03-21 05:39:34', '6_bulan', 66),
(69, 'S044', 500, 'pending', '2024-10-19 03:10:42', '6_bulan', 67),
(70, 'S045', 716, 'pending', '2024-02-02 10:16:41', '1_bulan', 68),
(71, 'S045', 718, 'pending', '2024-08-21 09:18:41', '3_bulan', 69),
(72, 'S046', 368, 'pending', '2025-05-15 02:44:03', '6_bulan', 70),
(73, 'S046', 468, 'pending', '2025-08-07 06:38:09', '3_bulan', 71),
(74, 'S046', 406, 'pending', '2025-07-05 06:32:35', '6_bulan', 72),
(75, 'S047', 64, 'pending', '2024-05-15 04:09:06', '3_bulan', 73),
(76, 'S047', 77, 'pending', '2025-04-28 03:52:20', '3_bulan', 74),
(77, 'S048', 51, 'pending', '2025-09-15 08:56:19', '1_bulan', 75),
(78, 'S048', 8, 'pending', '2025-09-15 04:13:37', '1_bulan', 76),
(79, 'S051', 129, 'pending', '2025-05-18 01:54:06', '6_bulan', 77),
(80, 'S051', 37, 'pending', '2025-07-12 01:25:03', '3_bulan', 78),
(81, 'S052', 95, 'pending', '2025-02-13 09:28:48', '6_bulan', 79),
(82, 'S053', 562, 'pending', '2024-03-04 07:23:50', '6_bulan', 80),
(83, 'S053', 528, 'pending', '2024-04-20 09:25:32', '3_bulan', 81),
(84, 'S056', 185, 'pending', '2025-09-15 03:38:57', '3_bulan', 82),
(85, 'S057', 86, 'pending', '2025-03-13 10:47:53', '6_bulan', 83),
(86, 'S058', 502, 'pending', '2025-12-19 05:30:52', '6_bulan', 84),
(87, 'S058', 431, 'pending', '2024-07-19 05:50:57', '3_bulan', 85),
(88, 'S060', 378, 'pending', '2024-12-02 10:30:10', '6_bulan', 86),
(89, 'S060', 565, 'pending', '2025-03-27 04:02:36', '6_bulan', 87),
(90, 'S060', 299, 'pending', '2024-08-11 07:09:26', '1_bulan', 88),
(91, 'S061', 108, 'pending', '2025-12-24 01:45:08', '6_bulan', 89),
(92, 'S062', 715, 'pending', '2025-09-13 06:11:29', '3_bulan', 90),
(93, 'S063', 522, 'pending', '2025-10-16 04:15:17', '3_bulan', 91),
(94, 'S063', 395, 'pending', '2025-05-23 04:44:45', '1_bulan', 92),
(95, 'S064', 125, 'pending', '2025-05-04 10:43:34', '3_bulan', 93),
(96, 'S064', 232, 'pending', '2025-03-10 01:18:45', '3_bulan', 94),
(97, 'S065', 239, 'pending', '2025-12-16 04:12:52', '3_bulan', 95),
(98, 'S065', 72, 'pending', '2025-03-04 10:47:37', '6_bulan', 96),
(99, 'S066', 268, 'pending', '2024-11-08 01:06:26', '6_bulan', 97),
(100, 'S067', 28, 'pending', '2024-01-18 03:26:41', '6_bulan', 98),
(101, 'S067', 125, 'pending', '2024-05-11 05:41:03', '6_bulan', 99),
(102, 'S067', 169, 'pending', '2024-09-24 01:58:58', '6_bulan', 100),
(103, 'S068', 333, 'pending', '2025-08-06 05:56:02', '1_bulan', 101),
(104, 'S068', 395, 'pending', '2024-06-10 08:41:34', '6_bulan', 102),
(105, 'S068', 495, 'pending', '2025-05-07 02:21:10', '1_bulan', 103),
(106, 'S069', 737, 'pending', '2024-01-24 06:50:18', '3_bulan', 104),
(107, 'S069', 744, 'pending', '2024-10-28 07:52:27', '1_bulan', 105),
(108, 'S069', 655, 'pending', '2025-11-04 03:08:30', '1_bulan', 106),
(109, 'S070', 246, 'pending', '2025-04-15 05:21:19', '3_bulan', 107),
(110, 'S072', 170, 'pending', '2024-01-22 02:29:19', '3_bulan', 108),
(111, 'S072', 106, 'pending', '2025-12-04 05:23:39', '6_bulan', 109),
(112, 'S073', 311, 'pending', '2024-08-24 10:23:26', '3_bulan', 110),
(113, 'S074', 196, 'pending', '2024-04-22 10:55:50', '6_bulan', 111),
(114, 'S074', 137, 'pending', '2025-02-19 02:03:53', '3_bulan', 112),
(115, 'S074', 234, 'pending', '2024-10-18 03:10:20', '6_bulan', 113),
(116, 'S075', 32, 'pending', '2024-12-19 08:05:57', '6_bulan', 114),
(117, 'S075', 117, 'pending', '2025-03-17 07:29:36', '1_bulan', 115),
(118, 'S075', 146, 'pending', '2025-12-01 07:16:52', '3_bulan', 116),
(119, 'S076', 151, 'pending', '2024-07-12 02:34:03', '1_bulan', 117),
(120, 'S077', 11, 'pending', '2025-03-25 03:49:41', '3_bulan', 118),
(121, 'S077', 168, 'pending', '2025-07-15 07:24:05', '3_bulan', 119),
(122, 'S077', 172, 'pending', '2024-11-28 06:07:11', '6_bulan', 120),
(123, 'S078', 138, 'pending', '2024-01-25 01:19:29', '1_bulan', 121),
(124, 'S078', 187, 'pending', '2025-09-13 04:15:29', '6_bulan', 122),
(125, 'S078', 42, 'pending', '2024-12-25 02:02:51', '3_bulan', 123),
(126, 'S079', 557, 'pending', '2024-04-03 02:38:02', '1_bulan', 124),
(127, 'S079', 549, 'pending', '2024-04-24 01:25:28', '6_bulan', 125),
(128, 'S079', 519, 'pending', '2024-03-17 05:14:52', '1_bulan', 126),
(129, 'S080', 150, 'pending', '2025-04-10 03:42:33', '6_bulan', 127),
(130, 'S080', 108, 'pending', '2025-01-18 10:56:47', '3_bulan', 128),
(131, 'S081', 714, 'pending', '2024-06-21 07:50:33', '3_bulan', 129),
(132, 'S081', 750, 'pending', '2025-03-10 07:11:48', '3_bulan', 130),
(133, 'S081', 693, 'pending', '2024-05-28 03:51:29', '1_bulan', 131),
(134, 'S082', 456, 'pending', '2024-07-08 05:13:21', '6_bulan', 132),
(135, 'S082', 283, 'pending', '2025-02-18 04:03:17', '3_bulan', 133),
(136, 'S082', 552, 'pending', '2024-02-07 10:46:42', '6_bulan', 134),
(137, 'S083', 694, 'pending', '2025-05-01 04:59:12', '1_bulan', 135),
(138, 'S085', 634, 'pending', '2024-07-08 09:20:49', '6_bulan', 136),
(139, 'S085', 669, 'pending', '2025-05-09 06:32:56', '3_bulan', 137),
(140, 'S085', 691, 'pending', '2025-06-07 06:20:26', '1_bulan', 138),
(141, 'S086', 609, 'pending', '2025-09-19 10:46:26', '1_bulan', 139),
(142, 'S087', 343, 'pending', '2024-07-19 04:31:35', '3_bulan', 140),
(143, 'S088', 637, 'pending', '2025-08-06 06:10:08', '3_bulan', 141),
(144, 'S088', 711, 'pending', '2024-09-21 01:33:02', '3_bulan', 142),
(145, 'S091', 38, 'pending', '2024-02-23 03:00:13', '6_bulan', 143),
(146, 'S091', 119, 'pending', '2024-10-21 10:58:30', '3_bulan', 144),
(147, 'S091', 127, 'pending', '2024-09-18 07:00:01', '1_bulan', 145),
(148, 'S092', 140, 'pending', '2024-09-27 07:51:58', '3_bulan', 146),
(149, 'S092', 30, 'pending', '2024-04-07 10:33:16', '1_bulan', 147),
(150, 'S093', 206, 'pending', '2024-06-13 08:36:15', '3_bulan', 148),
(151, 'S093', 60, 'pending', '2024-11-28 01:05:25', '3_bulan', 149),
(152, 'S094', 713, 'pending', '2024-11-01 03:05:31', '3_bulan', 150),
(153, 'S094', 737, 'pending', '2024-09-02 04:13:57', '3_bulan', 151),
(154, 'S094', 717, 'pending', '2025-01-03 05:57:34', '3_bulan', 152),
(155, 'S096', 404, 'pending', '2024-10-05 07:59:04', '1_bulan', 153),
(156, 'S097', 147, 'pending', '2025-11-18 06:24:48', '1_bulan', 154),
(157, 'S098', 205, 'pending', '2024-09-24 06:03:06', '6_bulan', 155),
(158, 'S099', 217, 'pending', '2025-10-25 10:38:25', '1_bulan', 156),
(159, 'S101', 687, 'pending', '2024-06-18 07:27:11', '3_bulan', 157),
(160, 'S101', 721, 'pending', '2025-02-25 10:18:51', '6_bulan', 158),
(161, 'S104', 42, 'pending', '2024-12-13 06:23:06', '3_bulan', 159),
(162, 'S104', 4, 'pending', '2025-06-25 05:06:08', '3_bulan', 160),
(163, 'S105', 113, 'pending', '2025-02-01 02:22:35', '3_bulan', 161),
(164, 'S106', 670, 'pending', '2025-07-13 02:46:57', '1_bulan', 162),
(165, 'S106', 634, 'pending', '2024-11-13 03:08:17', '6_bulan', 163),
(166, 'S107', 698, 'pending', '2024-03-14 05:26:19', '1_bulan', 164),
(167, 'S107', 591, 'pending', '2025-04-24 08:38:39', '3_bulan', 165),
(168, 'S108', 30, 'pending', '2025-01-13 06:53:39', '1_bulan', 166),
(169, 'S108', 208, 'pending', '2025-06-14 10:08:19', '3_bulan', 167),
(170, 'S108', 157, 'pending', '2024-08-11 03:25:20', '6_bulan', 168),
(171, 'S109', 537, 'pending', '2025-07-09 07:23:07', '1_bulan', 169),
(172, 'S109', 345, 'pending', '2024-11-25 09:01:46', '6_bulan', 170),
(173, 'S109', 350, 'pending', '2025-12-03 07:43:31', '3_bulan', 171),
(174, 'S110', 64, 'pending', '2024-12-14 07:04:28', '3_bulan', 172),
(175, 'S110', 125, 'pending', '2025-09-17 07:34:02', '6_bulan', 173),
(176, 'S113', 424, 'pending', '2024-10-21 07:48:21', '1_bulan', 174),
(177, 'S117', 628, 'pending', '2024-08-12 07:29:49', '6_bulan', 175),
(178, 'S117', 722, 'pending', '2024-06-01 08:06:18', '6_bulan', 176),
(179, 'S120', 661, 'pending', '2025-08-26 04:33:30', '3_bulan', 177),
(180, 'S121', 27, 'pending', '2025-06-03 05:02:51', '3_bulan', 178),
(181, 'S121', 32, 'pending', '2025-11-04 03:59:47', '1_bulan', 179),
(182, 'S121', 135, 'pending', '2024-06-18 07:29:14', '1_bulan', 180),
(183, 'S122', 619, 'pending', '2025-07-01 10:56:12', '6_bulan', 181),
(184, 'S123', 442, 'pending', '2024-04-09 02:36:06', '1_bulan', 182),
(185, 'S123', 338, 'pending', '2025-04-15 02:16:42', '3_bulan', 183),
(186, 'S123', 513, 'pending', '2025-10-13 10:25:37', '6_bulan', 184),
(187, 'S124', 423, 'pending', '2024-11-23 05:58:39', '3_bulan', 185),
(188, 'S124', 286, 'pending', '2024-06-04 04:19:07', '6_bulan', 186),
(189, 'S125', 180, 'pending', '2025-07-20 03:36:24', '1_bulan', 187),
(190, 'S125', 50, 'pending', '2024-09-06 08:18:08', '3_bulan', 188),
(191, 'S126', 473, 'pending', '2024-06-01 08:08:12', '6_bulan', 189),
(192, 'S126', 530, 'pending', '2025-07-22 08:26:45', '6_bulan', 190),
(193, 'S127', 614, 'pending', '2024-04-10 01:17:14', '1_bulan', 191),
(194, 'S127', 645, 'pending', '2025-10-24 08:35:32', '1_bulan', 192),
(195, 'S127', 718, 'pending', '2025-09-27 06:34:52', '1_bulan', 193),
(196, 'S128', 711, 'pending', '2025-02-24 04:19:55', '1_bulan', 194),
(197, 'S128', 687, 'pending', '2025-02-15 02:49:51', '3_bulan', 195),
(198, 'S128', 625, 'pending', '2025-12-20 07:10:39', '6_bulan', 196),
(199, 'S129', 624, 'pending', '2025-09-09 10:34:10', '1_bulan', 197),
(200, 'S130', 646, 'pending', '2025-09-22 02:08:48', '6_bulan', 198),
(201, 'S130', 587, 'pending', '2024-12-28 03:15:09', '3_bulan', 199),
(202, 'S131', 369, 'pending', '2025-08-05 10:40:17', '6_bulan', 200),
(203, 'S131', 455, 'pending', '2025-02-21 02:25:32', '3_bulan', 201),
(204, 'S132', 431, 'pending', '2025-06-19 01:55:49', '3_bulan', 202),
(205, 'S132', 290, 'pending', '2025-11-22 06:54:04', '6_bulan', 203),
(206, 'S133', 58, 'pending', '2024-08-09 06:53:18', '3_bulan', 204),
(207, 'S133', 143, 'pending', '2024-10-28 08:50:21', '6_bulan', 205),
(208, 'S133', 198, 'pending', '2024-02-21 08:01:07', '1_bulan', 206),
(209, 'S134', 688, 'pending', '2025-04-23 03:56:41', '1_bulan', 207),
(210, 'S134', 612, 'pending', '2024-11-12 05:05:23', '3_bulan', 208),
(211, 'S134', 738, 'pending', '2024-07-21 05:46:44', '1_bulan', 209),
(212, 'S135', 170, 'pending', '2024-01-07 08:04:08', '1_bulan', 210),
(213, 'S135', 60, 'pending', '2025-01-01 06:52:07', '6_bulan', 211),
(214, 'S135', 180, 'pending', '2025-02-08 07:05:46', '1_bulan', 212),
(215, 'S137', 431, 'pending', '2024-07-25 03:41:43', '3_bulan', 213),
(216, 'S137', 278, 'pending', '2024-10-21 03:28:22', '6_bulan', 214),
(217, 'S138', 732, 'pending', '2024-07-20 08:55:13', '6_bulan', 215),
(218, 'S140', 195, 'pending', '2025-06-14 06:50:08', '1_bulan', 216),
(219, 'S141', 737, 'pending', '2024-09-20 10:46:38', '1_bulan', 217),
(220, 'S141', 748, 'pending', '2025-04-17 10:32:12', '1_bulan', 218),
(221, 'S142', 647, 'pending', '2024-04-16 07:07:15', '6_bulan', 219),
(222, 'S142', 735, 'pending', '2024-09-01 06:59:20', '6_bulan', 220),
(223, 'S142', 671, 'pending', '2025-06-18 03:48:30', '6_bulan', 221),
(224, 'S146', 58, 'pending', '2024-07-17 05:40:45', '1_bulan', 222),
(225, 'S146', 199, 'pending', '2025-12-13 02:40:34', '3_bulan', 223),
(226, 'S147', 385, 'pending', '2025-02-17 04:51:09', '1_bulan', 224),
(227, 'S148', 672, 'pending', '2024-05-23 07:46:54', '6_bulan', 225),
(228, 'S148', 586, 'pending', '2024-07-04 08:39:38', '1_bulan', 226),
(229, 'S149', 173, 'pending', '2024-02-01 03:44:00', '6_bulan', 227),
(230, 'S149', 130, 'pending', '2025-03-12 03:47:49', '3_bulan', 228),
(231, 'S152', 681, 'pending', '2024-05-23 10:40:04', '3_bulan', 229),
(232, 'S152', 688, 'pending', '2025-01-16 10:10:23', '6_bulan', 230),
(233, 'S153', 295, 'pending', '2024-04-24 09:00:02', '6_bulan', 231),
(234, 'S153', 368, 'pending', '2025-06-13 03:11:59', '1_bulan', 232),
(235, 'S154', 629, 'pending', '2024-07-24 06:17:52', '3_bulan', 233),
(236, 'S154', 718, 'pending', '2024-09-22 01:11:14', '3_bulan', 234),
(237, 'S154', 583, 'pending', '2024-08-28 05:49:54', '3_bulan', 235),
(238, 'S155', 287, 'pending', '2025-01-12 04:18:36', '6_bulan', 236),
(239, 'S155', 561, 'pending', '2025-06-19 08:49:49', '1_bulan', 237),
(240, 'S156', 320, 'pending', '2025-01-08 09:22:40', '1_bulan', 238),
(241, 'S158', 243, 'pending', '2025-12-24 05:06:13', '6_bulan', 239),
(242, 'S158', 364, 'pending', '2025-01-05 05:05:02', '3_bulan', 240),
(243, 'S159', 751, 'pending', '2025-12-03 10:06:32', '3_bulan', 241),
(244, 'S159', 735, 'pending', '2024-10-19 01:27:42', '3_bulan', 242),
(245, 'S159', 632, 'pending', '2025-06-26 07:44:53', '3_bulan', 243),
(246, 'S160', 84, 'pending', '2025-04-03 04:08:49', '3_bulan', 244),
(247, 'S160', 30, 'pending', '2024-03-15 08:20:26', '1_bulan', 245),
(248, 'S161', 625, 'pending', '2025-08-09 02:05:10', '3_bulan', 246),
(249, 'S161', 649, 'pending', '2024-04-27 06:09:05', '6_bulan', 247),
(250, 'S162', 663, 'pending', '2024-11-10 05:52:11', '3_bulan', 248),
(251, 'S163', 221, 'pending', '2024-02-15 02:51:50', '3_bulan', 249),
(252, 'S163', 34, 'pending', '2024-04-05 04:52:25', '1_bulan', 250),
(253, 'S163', 178, 'pending', '2024-10-19 05:58:52', '6_bulan', 251),
(254, 'S166', 470, 'pending', '2024-06-04 01:29:03', '1_bulan', 252),
(255, 'S167', 213, 'pending', '2025-08-01 07:43:27', '6_bulan', 253),
(256, 'S167', 93, 'pending', '2024-05-09 08:56:09', '1_bulan', 254),
(257, 'S167', 160, 'pending', '2024-11-10 08:26:56', '6_bulan', 255),
(258, 'S168', 587, 'pending', '2025-07-05 07:12:41', '1_bulan', 256),
(259, 'S168', 635, 'pending', '2024-07-26 06:30:34', '6_bulan', 257),
(260, 'S168', 660, 'pending', '2025-07-09 03:01:20', '6_bulan', 258),
(261, 'S169', 579, 'pending', '2024-08-17 06:49:37', '3_bulan', 259),
(262, 'S170', 28, 'pending', '2024-05-18 01:48:14', '1_bulan', 260),
(263, 'S171', 662, 'pending', '2024-04-19 06:51:47', '1_bulan', 261),
(264, 'S171', 663, 'pending', '2024-12-23 06:36:36', '6_bulan', 262),
(265, 'S171', 716, 'pending', '2025-09-10 03:31:02', '1_bulan', 263),
(266, 'S173', 551, 'pending', '2024-09-16 01:21:58', '1_bulan', 264),
(267, 'S174', 309, 'pending', '2024-06-02 01:09:37', '3_bulan', 265),
(268, 'S175', 299, 'pending', '2025-02-12 07:37:06', '6_bulan', 266),
(269, 'S176', 85, 'pending', '2024-12-14 08:41:20', '1_bulan', 267),
(270, 'S176', 184, 'pending', '2025-04-22 10:52:11', '6_bulan', 268),
(271, 'S177', 748, 'pending', '2024-03-24 01:44:36', '3_bulan', 269),
(272, 'S177', 717, 'pending', '2024-10-11 10:14:40', '1_bulan', 270),
(273, 'S179', 315, 'pending', '2024-04-12 06:10:40', '3_bulan', 271),
(274, 'S179', 570, 'pending', '2025-08-01 05:13:15', '6_bulan', 272),
(275, 'S179', 277, 'pending', '2025-02-24 01:03:24', '3_bulan', 273),
(276, 'S180', 614, 'pending', '2025-07-12 09:24:06', '3_bulan', 274),
(277, 'S180', 719, 'pending', '2024-03-15 02:51:54', '6_bulan', 275),
(278, 'S180', 647, 'pending', '2025-05-04 02:21:10', '1_bulan', 276),
(279, 'S181', 591, 'pending', '2024-06-20 10:57:30', '6_bulan', 277),
(280, 'S183', 739, 'pending', '2025-03-02 02:21:13', '1_bulan', 278),
(281, 'S183', 676, 'pending', '2025-11-10 05:15:06', '6_bulan', 279),
(282, 'S183', 672, 'pending', '2025-03-02 06:00:27', '6_bulan', 280),
(283, 'S184', 213, 'pending', '2025-04-04 01:13:10', '6_bulan', 281),
(284, 'S184', 77, 'pending', '2025-02-10 07:30:31', '1_bulan', 282),
(285, 'S185', 26, 'pending', '2025-03-12 07:23:11', '6_bulan', 283),
(286, 'S185', 14, 'pending', '2025-08-09 04:53:17', '3_bulan', 284),
(287, 'S187', 292, 'pending', '2025-09-14 10:14:35', '1_bulan', 285),
(288, 'S188', 510, 'pending', '2025-10-08 08:19:05', '3_bulan', 286),
(289, 'S188', 260, 'pending', '2024-02-25 08:11:10', '6_bulan', 287),
(290, 'S188', 341, 'pending', '2024-07-03 07:12:52', '1_bulan', 288),
(291, 'S189', 724, 'pending', '2025-12-26 02:05:24', '3_bulan', 289),
(292, 'S190', 144, 'pending', '2025-09-15 01:50:44', '3_bulan', 290),
(293, 'S190', 153, 'pending', '2025-02-14 03:09:36', '6_bulan', 291),
(294, 'S190', 152, 'pending', '2024-10-25 02:50:18', '1_bulan', 292),
(295, 'S191', 227, 'pending', '2025-07-21 08:36:38', '3_bulan', 293),
(296, 'S191', 12, 'pending', '2025-07-05 10:38:43', '1_bulan', 294),
(297, 'S192', 581, 'pending', '2025-12-08 01:47:30', '3_bulan', 295),
(298, 'S192', 667, 'pending', '2025-05-10 05:53:31', '1_bulan', 296),
(299, 'S192', 747, 'pending', '2024-03-10 08:49:52', '1_bulan', 297),
(300, 'S193', 189, 'pending', '2024-04-15 04:58:52', '3_bulan', 298),
(301, 'S193', 192, 'pending', '2025-01-17 03:04:19', '3_bulan', 299),
(302, 'S194', 37, 'pending', '2024-03-07 04:53:03', '6_bulan', 300),
(303, 'S194', 11, 'pending', '2024-06-23 04:17:23', '3_bulan', 301),
(304, 'S194', 132, 'pending', '2024-11-01 04:23:31', '3_bulan', 302),
(305, 'S195', 333, 'pending', '2025-06-06 05:47:53', '3_bulan', 303),
(306, 'S195', 289, 'pending', '2024-07-02 03:54:36', '3_bulan', 304),
(307, 'S195', 356, 'pending', '2024-11-07 05:41:26', '6_bulan', 305),
(308, 'S198', 236, 'pending', '2024-10-26 01:14:16', '1_bulan', 306),
(309, 'S198', 209, 'pending', '2025-07-13 06:29:16', '3_bulan', 307),
(310, 'S198', 122, 'pending', '2025-10-04 01:32:42', '3_bulan', 308),
(311, 'S199', 395, 'pending', '2024-08-03 06:17:40', '6_bulan', 309),
(312, 'S199', 384, 'pending', '2025-04-05 09:48:15', '3_bulan', 310),
(313, 'S200', 406, 'pending', '2024-12-01 08:18:16', '6_bulan', 311),
(314, 'S200', 450, 'pending', '2024-10-23 10:52:12', '3_bulan', 312),
(315, 'S200', 356, 'pending', '2025-11-12 09:19:54', '6_bulan', 313),
(316, 'S201', 647, 'pending', '2025-03-24 05:46:51', '1_bulan', 314),
(317, 'S202', 177, 'pending', '2024-04-12 04:47:55', '3_bulan', 315),
(318, 'S203', 204, 'pending', '2025-05-19 05:29:54', '3_bulan', 316),
(319, 'S203', 123, 'pending', '2024-08-07 09:07:55', '1_bulan', 317),
(320, 'S203', 100, 'pending', '2025-07-02 03:08:12', '6_bulan', 318),
(321, 'S204', 717, 'pending', '2024-06-28 03:49:05', '3_bulan', 319),
(322, 'S204', 657, 'pending', '2024-06-21 01:00:28', '6_bulan', 320),
(323, 'S204', 625, 'pending', '2024-08-26 02:08:39', '1_bulan', 321),
(324, 'S205', 449, 'pending', '2025-07-01 01:34:12', '3_bulan', 322),
(325, 'S205', 434, 'pending', '2025-09-07 01:43:00', '1_bulan', 323),
(326, 'S205', 370, 'pending', '2025-05-05 02:24:32', '1_bulan', 324),
(327, 'S206', 328, 'pending', '2024-05-10 08:46:33', '1_bulan', 325),
(328, 'S206', 511, 'pending', '2025-11-05 06:57:31', '3_bulan', 326);

-- --------------------------------------------------------

--
-- Struktur dari tabel `review`
--

CREATE TABLE `review` (
  `review_id` bigint(20) NOT NULL,
  `siswa_id` varchar(10) NOT NULL,
  `kelas_id` bigint(20) NOT NULL,
  `rating` tinyint(4) DEFAULT NULL CHECK (`rating` between 1 and 5),
  `komentar` text DEFAULT NULL,
  `created_at` timestamp NOT NULL DEFAULT current_timestamp()
) ENGINE=InnoDB DEFAULT CHARSET=utf8mb4 COLLATE=utf8mb4_general_ci;

-- --------------------------------------------------------

--
-- Struktur dari tabel `sessions`
--

CREATE TABLE `sessions` (
  `id` varchar(255) NOT NULL,
  `user_id` bigint(20) UNSIGNED DEFAULT NULL,
  `ip_address` varchar(45) DEFAULT NULL,
  `user_agent` text DEFAULT NULL,
  `payload` longtext NOT NULL,
  `last_activity` int(11) NOT NULL
) ENGINE=InnoDB DEFAULT CHARSET=utf8mb4 COLLATE=utf8mb4_unicode_ci;

--
-- Dumping data untuk tabel `sessions`
--

INSERT INTO `sessions` (`id`, `user_id`, `ip_address`, `user_agent`, `payload`, `last_activity`) VALUES
('X0TheoVW3wk5oWzR6dzj4F1eSPsMTifcMaTAE1F7', NULL, '127.0.0.1', 'Mozilla/5.0 (Windows NT 10.0; Win64; x64) AppleWebKit/537.36 (KHTML, like Gecko) Chrome/141.0.0.0 Safari/537.36', 'YTozOntzOjY6Il90b2tlbiI7czo0MDoiSzBmNzE2Z1FuN3ZtUGxlRmFkeFRJb0RaenJ5NkJMejdWNDZyeWdGZyI7czo5OiJfcHJldmlvdXMiO2E6MTp7czozOiJ1cmwiO3M6MjE6Imh0dHA6Ly8xMjcuMC4wLjE6ODAwMCI7fXM6NjoiX2ZsYXNoIjthOjI6e3M6Mzoib2xkIjthOjA6e31zOjM6Im5ldyI7YTowOnt9fX0=', 1759656224);

-- --------------------------------------------------------

--
-- Struktur dari tabel `siswa`
--

CREATE TABLE `siswa` (
  `user_id` varchar(10) NOT NULL,
  `jenjang` enum('SD1','SD2','SD3','SD4','SD5','SD6','SMP1','SMP2','SMP3','SMA1','SMA2','SMA3') NOT NULL,
  `created_at` timestamp NOT NULL DEFAULT current_timestamp(),
  `updated_at` timestamp NOT NULL DEFAULT current_timestamp() ON UPDATE current_timestamp()
) ENGINE=InnoDB DEFAULT CHARSET=utf8mb4 COLLATE=utf8mb4_general_ci;

--
-- Dumping data untuk tabel `siswa`
--

INSERT INTO `siswa` (`user_id`, `jenjang`, `created_at`, `updated_at`) VALUES
('S001', 'SD6', '2025-09-22 12:23:21', '2025-09-22 05:29:21'),
('S002', 'SMA3', '2025-10-05 05:01:01', '2025-10-05 05:01:01'),
('S003', 'SMP3', '2025-10-05 08:47:59', '2025-10-07 12:02:46'),
('S004', 'SD4', '2025-10-07 12:07:15', '2025-10-07 12:07:15'),
('S005', 'SD2', '2025-10-07 12:50:00', '2025-10-07 12:50:00'),
('S007', 'SMA1', '2025-12-13 03:56:42', '2025-12-13 03:56:42'),
('S008', 'SD2', '2025-12-13 03:56:42', '2025-12-13 03:56:42'),
('S009', 'SD1', '2025-12-13 03:56:42', '2025-12-13 03:56:42'),
('S010', 'SMA1', '2025-12-13 03:56:42', '2025-12-13 03:56:42'),
('S011', 'SD2', '2025-12-13 03:56:42', '2025-12-13 03:56:42'),
('S012', 'SD3', '2025-12-13 03:56:42', '2025-12-13 03:56:42'),
('S013', 'SMP2', '2025-12-13 03:56:42', '2025-12-13 03:56:42'),
('S014', 'SMA1', '2025-12-13 03:56:42', '2025-12-13 03:56:42'),
('S015', 'SMA3', '2025-12-13 03:56:42', '2025-12-13 03:56:42'),
('S016', 'SD6', '2025-12-13 03:56:42', '2025-12-13 03:56:42'),
('S017', 'SD1', '2025-12-13 03:56:42', '2025-12-13 03:56:42'),
('S018', 'SD3', '2025-12-13 03:56:42', '2025-12-13 03:56:42'),
('S019', 'SMA3', '2025-12-13 03:56:42', '2025-12-13 03:56:42'),
('S020', 'SMP3', '2025-12-13 03:56:42', '2025-12-13 03:56:42'),
('S021', 'SD1', '2025-12-13 03:56:42', '2025-12-13 03:56:42'),
('S022', 'SD5', '2025-12-13 03:56:42', '2025-12-13 03:56:42'),
('S023', 'SD3', '2025-12-13 03:56:42', '2025-12-13 03:56:42'),
('S024', 'SMP1', '2025-12-13 03:56:42', '2025-12-13 03:56:42'),
('S025', 'SD1', '2025-12-13 03:56:42', '2025-12-13 03:56:42'),
('S026', 'SMA1', '2025-12-13 03:56:42', '2025-12-13 03:56:42'),
('S027', 'SMA1', '2025-12-13 03:56:42', '2025-12-13 03:56:42'),
('S028', 'SMP2', '2025-12-13 03:56:42', '2025-12-13 03:56:42'),
('S029', 'SMA1', '2025-12-13 03:56:42', '2025-12-13 03:56:42'),
('S030', 'SMP1', '2025-12-13 03:56:42', '2025-12-13 03:56:42'),
('S031', 'SD1', '2025-12-13 03:56:42', '2025-12-13 03:56:42'),
('S032', 'SD5', '2025-12-13 03:56:42', '2025-12-13 03:56:42'),
('S033', 'SD5', '2025-12-13 03:56:42', '2025-12-13 03:56:42'),
('S034', 'SMA3', '2025-12-13 03:56:42', '2025-12-13 03:56:42'),
('S035', 'SMA2', '2025-12-13 03:56:42', '2025-12-13 03:56:42'),
('S036', 'SMA2', '2025-12-13 03:56:42', '2025-12-13 03:56:42'),
('S037', 'SMP1', '2025-12-13 03:56:42', '2025-12-13 03:56:42'),
('S038', 'SD6', '2025-12-13 03:56:42', '2025-12-13 03:56:42'),
('S039', 'SMP1', '2025-12-13 03:56:42', '2025-12-13 03:56:42'),
('S040', 'SMA3', '2025-12-13 03:56:42', '2025-12-13 03:56:42'),
('S041', 'SD6', '2025-12-13 03:56:42', '2025-12-13 03:56:42'),
('S042', 'SMP3', '2025-12-13 03:56:42', '2025-12-13 03:56:42'),
('S043', 'SMA2', '2025-12-13 03:56:42', '2025-12-13 03:56:42'),
('S044', 'SMA2', '2025-12-13 03:56:42', '2025-12-13 03:56:42'),
('S045', 'SMP1', '2025-12-13 03:56:42', '2025-12-13 03:56:42'),
('S046', 'SMA3', '2025-12-13 03:56:42', '2025-12-13 03:56:42'),
('S047', 'SD4', '2025-12-13 03:56:42', '2025-12-13 03:56:42'),
('S048', 'SD2', '2025-12-13 03:56:42', '2025-12-13 03:56:42'),
('S049', 'SMP2', '2025-12-13 03:56:42', '2025-12-13 03:56:42'),
('S050', 'SD1', '2025-12-13 03:56:42', '2025-12-13 03:56:42'),
('S051', 'SD5', '2025-12-13 03:56:42', '2025-12-13 03:56:42'),
('S052', 'SD1', '2025-12-13 03:56:42', '2025-12-13 03:56:42'),
('S053', 'SMA1', '2025-12-13 03:56:42', '2025-12-13 03:56:42'),
('S054', 'SMA3', '2025-12-13 03:56:42', '2025-12-13 03:56:42'),
('S055', 'SMA3', '2025-12-13 03:56:42', '2025-12-13 03:56:42'),
('S056', 'SD6', '2025-12-13 03:56:42', '2025-12-13 03:56:42'),
('S057', 'SD4', '2025-12-13 03:56:42', '2025-12-13 03:56:42'),
('S058', 'SMA2', '2025-12-13 03:56:42', '2025-12-13 03:56:42'),
('S059', 'SD3', '2025-12-13 03:56:42', '2025-12-13 03:56:42'),
('S060', 'SMA3', '2025-12-13 03:56:42', '2025-12-13 03:56:42'),
('S061', 'SD3', '2025-12-13 03:56:42', '2025-12-13 03:56:42'),
('S062', 'SMP2', '2025-12-13 03:56:42', '2025-12-13 03:56:42'),
('S063', 'SMA3', '2025-12-13 03:56:42', '2025-12-13 03:56:42'),
('S064', 'SD1', '2025-12-13 03:56:42', '2025-12-13 03:56:42'),
('S065', 'SD3', '2025-12-13 03:56:42', '2025-12-13 03:56:42'),
('S066', 'SMA3', '2025-12-13 03:56:42', '2025-12-13 03:56:42'),
('S067', 'SD6', '2025-12-13 03:56:42', '2025-12-13 03:56:42'),
('S068', 'SMA3', '2025-12-13 03:56:42', '2025-12-13 03:56:42'),
('S069', 'SMP2', '2025-12-13 03:56:42', '2025-12-13 03:56:42'),
('S070', 'SMA1', '2025-12-13 03:56:42', '2025-12-13 03:56:42'),
('S071', 'SD2', '2025-12-13 03:56:42', '2025-12-13 03:56:42'),
('S072', 'SD6', '2025-12-13 03:56:42', '2025-12-13 03:56:42'),
('S073', 'SMA1', '2025-12-13 03:56:42', '2025-12-13 03:56:42'),
('S074', 'SD2', '2025-12-13 03:56:42', '2025-12-13 03:56:42'),
('S075', 'SD1', '2025-12-13 03:56:42', '2025-12-13 03:56:42'),
('S076', 'SD3', '2025-12-13 03:56:42', '2025-12-13 03:56:42'),
('S077', 'SD3', '2025-12-13 03:56:42', '2025-12-13 03:56:42'),
('S078', 'SD5', '2025-12-13 03:56:42', '2025-12-13 03:56:42'),
('S079', 'SMA3', '2025-12-13 03:56:42', '2025-12-13 03:56:42'),
('S080', 'SD6', '2025-12-13 03:56:42', '2025-12-13 03:56:42'),
('S081', 'SMP2', '2025-12-13 03:56:42', '2025-12-13 03:56:42'),
('S082', 'SMA1', '2025-12-13 03:56:42', '2025-12-13 03:56:42'),
('S083', 'SMP2', '2025-12-13 03:56:42', '2025-12-13 03:56:42'),
('S084', 'SMP3', '2025-12-13 03:56:42', '2025-12-13 03:56:42'),
('S085', 'SMP3', '2025-12-13 03:56:42', '2025-12-13 03:56:42'),
('S086', 'SMP3', '2025-12-13 03:56:42', '2025-12-13 03:56:42'),
('S087', 'SMA1', '2025-12-13 03:56:42', '2025-12-13 03:56:42'),
('S088', 'SMP3', '2025-12-13 03:56:42', '2025-12-13 03:56:42'),
('S089', 'SD1', '2025-12-13 03:56:42', '2025-12-13 03:56:42'),
('S090', 'SMA3', '2025-12-13 03:56:42', '2025-12-13 03:56:42'),
('S091', 'SD2', '2025-12-13 03:56:42', '2025-12-13 03:56:42'),
('S092', 'SD2', '2025-12-13 03:56:42', '2025-12-13 03:56:42'),
('S093', 'SD4', '2025-12-13 03:56:42', '2025-12-13 03:56:42'),
('S094', 'SMP3', '2025-12-13 03:56:42', '2025-12-13 03:56:42'),
('S095', 'SMA2', '2025-12-13 03:56:42', '2025-12-13 03:56:42'),
('S096', 'SMA1', '2025-12-13 03:56:42', '2025-12-13 03:56:42'),
('S097', 'SD3', '2025-12-13 03:56:42', '2025-12-13 03:56:42'),
('S098', 'SD2', '2025-12-13 03:56:42', '2025-12-13 03:56:42'),
('S099', 'SD4', '2025-12-13 03:56:42', '2025-12-13 03:56:42'),
('S100', 'SD4', '2025-12-13 03:56:42', '2025-12-13 03:56:42'),
('S101', 'SMP1', '2025-12-13 03:56:42', '2025-12-13 03:56:42'),
('S102', 'SMP1', '2025-12-13 03:56:42', '2025-12-13 03:56:42'),
('S103', 'SMP2', '2025-12-13 03:56:42', '2025-12-13 03:56:42'),
('S104', 'SD5', '2025-12-13 03:56:42', '2025-12-13 03:56:42'),
('S105', 'SD6', '2025-12-13 03:56:42', '2025-12-13 03:56:42'),
('S106', 'SMP2', '2025-12-13 03:56:42', '2025-12-13 03:56:42'),
('S107', 'SMP2', '2025-12-13 03:56:42', '2025-12-13 03:56:42'),
('S108', 'SD4', '2025-12-13 03:56:42', '2025-12-13 03:56:42'),
('S109', 'SMA1', '2025-12-13 03:56:42', '2025-12-13 03:56:42'),
('S110', 'SD1', '2025-12-13 03:56:42', '2025-12-13 03:56:42'),
('S111', 'SMA1', '2025-12-13 03:56:42', '2025-12-13 03:56:42'),
('S112', 'SD3', '2025-12-13 03:56:42', '2025-12-13 03:56:42'),
('S113', 'SMA3', '2025-12-13 03:56:42', '2025-12-13 03:56:42'),
('S114', 'SMA3', '2025-12-13 03:56:42', '2025-12-13 03:56:42'),
('S115', 'SMA1', '2025-12-13 03:56:42', '2025-12-13 03:56:42'),
('S116', 'SD5', '2025-12-13 03:56:42', '2025-12-13 03:56:42'),
('S117', 'SMP3', '2025-12-13 03:56:42', '2025-12-13 03:56:42'),
('S118', 'SD6', '2025-12-13 03:56:42', '2025-12-13 03:56:42'),
('S119', 'SMP3', '2025-12-13 03:56:42', '2025-12-13 03:56:42'),
('S120', 'SMP1', '2025-12-13 03:56:42', '2025-12-13 03:56:42'),
('S121', 'SD4', '2025-12-13 03:56:42', '2025-12-13 03:56:42'),
('S122', 'SMP2', '2025-12-13 03:56:42', '2025-12-13 03:56:42'),
('S123', 'SMA1', '2025-12-13 03:56:42', '2025-12-13 03:56:42'),
('S124', 'SMA2', '2025-12-13 03:56:42', '2025-12-13 03:56:42'),
('S125', 'SD4', '2025-12-13 03:56:42', '2025-12-13 03:56:42'),
('S126', 'SMA3', '2025-12-13 03:56:42', '2025-12-13 03:56:42'),
('S127', 'SMP2', '2025-12-13 03:56:42', '2025-12-13 03:56:42'),
('S128', 'SMP1', '2025-12-13 03:56:42', '2025-12-13 03:56:42'),
('S129', 'SMP3', '2025-12-13 03:56:42', '2025-12-13 03:56:42'),
('S130', 'SMP1', '2025-12-13 03:56:42', '2025-12-13 03:56:42'),
('S131', 'SMA3', '2025-12-13 03:56:42', '2025-12-13 03:56:42'),
('S132', 'SMA2', '2025-12-13 03:56:42', '2025-12-13 03:56:42'),
('S133', 'SD5', '2025-12-13 03:56:42', '2025-12-13 03:56:42'),
('S134', 'SMP1', '2025-12-13 03:56:42', '2025-12-13 03:56:42'),
('S135', 'SD4', '2025-12-13 03:56:42', '2025-12-13 03:56:42'),
('S136', 'SD2', '2025-12-13 03:56:42', '2025-12-13 03:56:42'),
('S137', 'SMA3', '2025-12-13 03:56:42', '2025-12-13 03:56:42'),
('S138', 'SMP3', '2025-12-13 03:56:42', '2025-12-13 03:56:42'),
('S139', 'SD6', '2025-12-13 03:56:42', '2025-12-13 03:56:42'),
('S140', 'SD5', '2025-12-13 03:56:42', '2025-12-13 03:56:42'),
('S141', 'SMP3', '2025-12-13 03:56:42', '2025-12-13 03:56:42'),
('S142', 'SMP3', '2025-12-13 03:56:42', '2025-12-13 03:56:42'),
('S143', 'SMP3', '2025-12-13 03:56:42', '2025-12-13 03:56:42'),
('S144', 'SMA1', '2025-12-13 03:56:42', '2025-12-13 03:56:42'),
('S145', 'SD2', '2025-12-13 03:56:42', '2025-12-13 03:56:42'),
('S146', 'SD4', '2025-12-13 03:56:42', '2025-12-13 03:56:42'),
('S147', 'SMA3', '2025-12-13 03:56:42', '2025-12-13 03:56:42'),
('S148', 'SMP3', '2025-12-13 03:56:42', '2025-12-13 03:56:42'),
('S149', 'SD2', '2025-12-13 03:56:42', '2025-12-13 03:56:42'),
('S150', 'SMA3', '2025-12-13 03:56:42', '2025-12-13 03:56:42'),
('S151', 'SMA2', '2025-12-13 03:56:42', '2025-12-13 03:56:42'),
('S152', 'SMP2', '2025-12-13 03:56:42', '2025-12-13 03:56:42'),
('S153', 'SMA2', '2025-12-13 03:56:42', '2025-12-13 03:56:42'),
('S154', 'SMP2', '2025-12-13 03:56:42', '2025-12-13 03:56:42'),
('S155', 'SMA3', '2025-12-13 03:56:42', '2025-12-13 03:56:42'),
('S156', 'SMA2', '2025-12-13 03:56:42', '2025-12-13 03:56:42'),
('S157', 'SD3', '2025-12-13 03:56:42', '2025-12-13 03:56:42'),
('S158', 'SMA2', '2025-12-13 03:56:42', '2025-12-13 03:56:42'),
('S159', 'SMP3', '2025-12-13 03:56:42', '2025-12-13 03:56:42'),
('S160', 'SD1', '2025-12-13 03:56:42', '2025-12-13 03:56:42'),
('S161', 'SMP3', '2025-12-13 03:56:42', '2025-12-13 03:56:42'),
('S162', 'SMP1', '2025-12-13 03:56:42', '2025-12-13 03:56:42'),
('S163', 'SD5', '2025-12-13 03:56:42', '2025-12-13 03:56:42'),
('S164', 'SMP2', '2025-12-13 03:56:42', '2025-12-13 03:56:42'),
('S165', 'SMA2', '2025-12-13 03:56:42', '2025-12-13 03:56:42'),
('S166', 'SMA2', '2025-12-13 03:56:42', '2025-12-13 03:56:42'),
('S167', 'SD6', '2025-12-13 03:56:42', '2025-12-13 03:56:42'),
('S168', 'SMP1', '2025-12-13 03:56:42', '2025-12-13 03:56:42'),
('S169', 'SMP3', '2025-12-13 03:56:42', '2025-12-13 03:56:42'),
('S170', 'SD4', '2025-12-13 03:56:42', '2025-12-13 03:56:42'),
('S171', 'SMP3', '2025-12-13 03:56:42', '2025-12-13 03:56:42'),
('S172', 'SMP3', '2025-12-13 03:56:42', '2025-12-13 03:56:42'),
('S173', 'SMA3', '2025-12-13 03:56:42', '2025-12-13 03:56:42'),
('S174', 'SMA1', '2025-12-13 03:56:42', '2025-12-13 03:56:42'),
('S175', 'SMA3', '2025-12-13 03:56:42', '2025-12-13 03:56:42'),
('S176', 'SD1', '2025-12-13 03:56:42', '2025-12-13 03:56:42'),
('S177', 'SMP2', '2025-12-13 03:56:42', '2025-12-13 03:56:42'),
('S178', 'SMA3', '2025-12-13 03:56:42', '2025-12-13 03:56:42'),
('S179', 'SMA2', '2025-12-13 03:56:42', '2025-12-13 03:56:42'),
('S180', 'SMP3', '2025-12-13 03:56:42', '2025-12-13 03:56:42'),
('S181', 'SMP2', '2025-12-13 03:56:42', '2025-12-13 03:56:42'),
('S182', 'SMA2', '2025-12-13 03:56:42', '2025-12-13 03:56:42'),
('S183', 'SMP1', '2025-12-13 03:56:42', '2025-12-13 03:56:42'),
('S184', 'SD4', '2025-12-13 03:56:42', '2025-12-13 03:56:42'),
('S185', 'SD6', '2025-12-13 03:56:42', '2025-12-13 03:56:42'),
('S186', 'SMA3', '2025-12-13 03:56:42', '2025-12-13 03:56:42'),
('S187', 'SMA2', '2025-12-13 03:56:42', '2025-12-13 03:56:42'),
('S188', 'SMA3', '2025-12-13 03:56:42', '2025-12-13 03:56:42'),
('S189', 'SMP2', '2025-12-13 03:56:42', '2025-12-13 03:56:42'),
('S190', 'SD3', '2025-12-13 03:56:42', '2025-12-13 03:56:42'),
('S191', 'SD2', '2025-12-13 03:56:42', '2025-12-13 03:56:42'),
('S192', 'SMP2', '2025-12-13 03:56:42', '2025-12-13 03:56:42'),
('S193', 'SD2', '2025-12-13 03:56:42', '2025-12-13 03:56:42'),
('S194', 'SD3', '2025-12-13 03:56:42', '2025-12-13 03:56:42'),
('S195', 'SMA2', '2025-12-13 03:56:42', '2025-12-13 03:56:42'),
('S196', 'SMA3', '2025-12-13 03:56:42', '2025-12-13 03:56:42'),
('S197', 'SMA2', '2025-12-13 03:56:42', '2025-12-13 03:56:42'),
('S198', 'SD3', '2025-12-13 03:56:42', '2025-12-13 03:56:42'),
('S199', 'SMA1', '2025-12-13 03:56:42', '2025-12-13 03:56:42'),
('S200', 'SMA3', '2025-12-13 03:56:42', '2025-12-13 03:56:42'),
('S201', 'SMP3', '2025-12-13 03:56:42', '2025-12-13 03:56:42'),
('S202', 'SD4', '2025-12-13 03:56:42', '2025-12-13 03:56:42'),
('S203', 'SD6', '2025-12-13 03:56:42', '2025-12-13 03:56:42'),
('S204', 'SMP1', '2025-12-13 03:56:42', '2025-12-13 03:56:42'),
('S205', 'SMA1', '2025-12-13 03:56:42', '2025-12-13 03:56:42'),
('S206', 'SMA1', '2025-12-13 03:56:42', '2025-12-13 03:56:42');

-- --------------------------------------------------------

--
-- Struktur dari tabel `transaksi`
--

CREATE TABLE `transaksi` (
  `transaksi_id` bigint(20) NOT NULL,
  `pendaftaran_id` bigint(20) NOT NULL,
  `metode_bayar` enum('transfer','qris','ewallet') NOT NULL DEFAULT 'transfer',
  `jumlah` decimal(12,2) NOT NULL,
  `status_bayar` enum('pending','paid','failed') DEFAULT 'pending',
  `created_at` timestamp NOT NULL DEFAULT current_timestamp(),
  `updated_at` timestamp NULL DEFAULT NULL
) ENGINE=InnoDB DEFAULT CHARSET=utf8mb4 COLLATE=utf8mb4_general_ci;

--
-- Dumping data untuk tabel `transaksi`
--

INSERT INTO `transaksi` (`transaksi_id`, `pendaftaran_id`, `metode_bayar`, `jumlah`, `status_bayar`, `created_at`, `updated_at`) VALUES
(2, 4, 'transfer', 200000.00, 'pending', '2025-10-05 09:00:53', '2025-10-05 09:00:53'),
(3, 5, 'transfer', 200000.00, 'pending', '2025-10-05 09:01:05', '2025-10-05 09:01:05'),
(4, 6, 'transfer', 200000.00, 'pending', '2025-10-05 09:17:53', '2025-10-05 09:17:53'),
(5, 7, 'transfer', 100000.00, 'paid', '2025-10-05 09:39:03', '2025-10-05 17:52:08'),
(6, 8, 'transfer', 1200000.00, 'pending', '2025-10-06 02:19:57', '2025-10-06 02:19:57'),
(7, 9, 'transfer', 100000.00, 'paid', '2025-10-07 11:55:26', '2025-10-07 11:57:50'),
(8, 10, 'transfer', 600000.00, 'paid', '2025-10-07 12:07:43', '2025-10-07 12:08:27'),
(9, 11, 'transfer', 600000.00, 'paid', '2025-10-07 12:50:36', '2025-10-07 12:51:04'),
(10, 12, 'transfer', 300000.00, 'paid', '2025-10-07 14:26:59', '2025-10-07 14:31:58'),
(11, 13, 'ewallet', 600000.00, 'paid', '2025-12-13 03:56:42', NULL),
(12, 14, 'ewallet', 600000.00, 'paid', '2025-12-13 03:56:42', NULL),
(13, 15, 'qris', 300000.00, 'paid', '2025-12-13 03:56:42', NULL),
(14, 16, 'ewallet', 300000.00, 'paid', '2025-12-13 03:56:42', NULL),
(15, 17, 'qris', 300000.00, 'paid', '2025-12-13 03:56:42', NULL),
(16, 18, 'ewallet', 100000.00, 'paid', '2025-12-13 03:56:42', NULL),
(17, 19, 'ewallet', 100000.00, 'paid', '2025-12-13 03:56:42', NULL),
(18, 20, 'qris', 100000.00, 'paid', '2025-12-13 03:56:42', NULL),
(19, 21, 'ewallet', 600000.00, 'paid', '2025-12-13 03:56:42', NULL),
(20, 22, 'qris', 200000.00, 'paid', '2025-12-13 03:56:42', NULL),
(21, 23, 'qris', 1200000.00, 'paid', '2025-12-13 03:56:42', NULL),
(22, 24, 'transfer', 1200000.00, 'paid', '2025-12-13 03:56:42', NULL),
(23, 25, 'transfer', 600000.00, 'paid', '2025-12-13 03:56:42', NULL),
(24, 26, 'ewallet', 300000.00, 'paid', '2025-12-13 03:56:42', NULL),
(25, 27, 'ewallet', 600000.00, 'paid', '2025-12-13 03:56:42', NULL),
(26, 28, 'ewallet', 600000.00, 'paid', '2025-12-13 03:56:42', NULL),
(27, 29, 'transfer', 1200000.00, 'paid', '2025-12-13 03:56:42', NULL),
(28, 30, 'qris', 150000.00, 'paid', '2025-12-13 03:56:42', NULL),
(29, 31, 'transfer', 900000.00, 'paid', '2025-12-13 03:56:42', NULL),
(30, 32, 'ewallet', 600000.00, 'paid', '2025-12-13 03:56:42', NULL),
(31, 33, 'ewallet', 100000.00, 'paid', '2025-12-13 03:56:42', NULL),
(32, 34, 'transfer', 300000.00, 'paid', '2025-12-13 03:56:42', NULL),
(33, 35, 'transfer', 300000.00, 'paid', '2025-12-13 03:56:42', NULL),
(34, 36, 'qris', 100000.00, 'paid', '2025-12-13 03:56:42', NULL),
(35, 37, 'transfer', 100000.00, 'paid', '2025-12-13 03:56:42', NULL),
(36, 38, 'transfer', 150000.00, 'paid', '2025-12-13 03:56:42', NULL),
(37, 39, 'transfer', 150000.00, 'paid', '2025-12-13 03:56:42', NULL),
(38, 40, 'transfer', 600000.00, 'paid', '2025-12-13 03:56:42', NULL),
(39, 41, 'transfer', 300000.00, 'paid', '2025-12-13 03:56:42', NULL),
(40, 42, 'ewallet', 600000.00, 'paid', '2025-12-13 03:56:42', NULL),
(41, 43, 'transfer', 200000.00, 'paid', '2025-12-13 03:56:42', NULL),
(42, 44, 'qris', 200000.00, 'paid', '2025-12-13 03:56:42', NULL),
(43, 45, 'transfer', 600000.00, 'paid', '2025-12-13 03:56:42', NULL),
(44, 46, 'qris', 600000.00, 'paid', '2025-12-13 03:56:42', NULL),
(45, 47, 'ewallet', 1200000.00, 'paid', '2025-12-13 03:56:42', NULL),
(46, 48, 'qris', 600000.00, 'paid', '2025-12-13 03:56:42', NULL),
(47, 49, 'qris', 900000.00, 'paid', '2025-12-13 03:56:42', NULL),
(48, 50, 'ewallet', 900000.00, 'paid', '2025-12-13 03:56:42', NULL),
(49, 51, 'qris', 900000.00, 'paid', '2025-12-13 03:56:42', NULL),
(50, 52, 'transfer', 600000.00, 'paid', '2025-12-13 03:56:42', NULL),
(51, 53, 'ewallet', 300000.00, 'paid', '2025-12-13 03:56:42', NULL),
(52, 54, 'qris', 600000.00, 'paid', '2025-12-13 03:56:42', NULL),
(53, 55, 'ewallet', 100000.00, 'paid', '2025-12-13 03:56:42', NULL),
(54, 56, 'transfer', 600000.00, 'paid', '2025-12-13 03:56:42', NULL),
(55, 57, 'transfer', 300000.00, 'paid', '2025-12-13 03:56:42', NULL),
(56, 58, 'ewallet', 1200000.00, 'paid', '2025-12-13 03:56:42', NULL),
(57, 59, 'transfer', 1200000.00, 'paid', '2025-12-13 03:56:42', NULL),
(58, 60, 'ewallet', 200000.00, 'paid', '2025-12-13 03:56:42', NULL),
(59, 61, 'ewallet', 1200000.00, 'paid', '2025-12-13 03:56:42', NULL),
(60, 62, 'qris', 1200000.00, 'paid', '2025-12-13 03:56:42', NULL),
(61, 63, 'transfer', 600000.00, 'paid', '2025-12-13 03:56:42', NULL),
(62, 64, 'qris', 300000.00, 'paid', '2025-12-13 03:56:42', NULL),
(63, 65, 'ewallet', 1200000.00, 'paid', '2025-12-13 03:56:42', NULL),
(64, 66, 'ewallet', 100000.00, 'paid', '2025-12-13 03:56:42', NULL),
(65, 67, 'qris', 150000.00, 'paid', '2025-12-13 03:56:42', NULL),
(66, 68, 'transfer', 1200000.00, 'paid', '2025-12-13 03:56:42', NULL),
(67, 69, 'ewallet', 1200000.00, 'paid', '2025-12-13 03:56:42', NULL),
(68, 70, 'transfer', 150000.00, 'paid', '2025-12-13 03:56:42', NULL),
(69, 71, 'qris', 450000.00, 'paid', '2025-12-13 03:56:42', NULL),
(70, 72, 'transfer', 1200000.00, 'paid', '2025-12-13 03:56:42', NULL),
(71, 73, 'qris', 600000.00, 'paid', '2025-12-13 03:56:42', NULL),
(72, 74, 'transfer', 1200000.00, 'paid', '2025-12-13 03:56:42', NULL),
(73, 75, 'transfer', 300000.00, 'paid', '2025-12-13 03:56:42', NULL),
(74, 76, 'ewallet', 300000.00, 'paid', '2025-12-13 03:56:42', NULL),
(75, 77, 'qris', 100000.00, 'paid', '2025-12-13 03:56:42', NULL),
(76, 78, 'qris', 100000.00, 'paid', '2025-12-13 03:56:42', NULL),
(77, 79, 'qris', 600000.00, 'paid', '2025-12-13 03:56:42', NULL),
(78, 80, 'ewallet', 300000.00, 'paid', '2025-12-13 03:56:42', NULL),
(79, 81, 'ewallet', 600000.00, 'paid', '2025-12-13 03:56:42', NULL),
(80, 82, 'qris', 1200000.00, 'paid', '2025-12-13 03:56:42', NULL),
(81, 83, 'transfer', 600000.00, 'paid', '2025-12-13 03:56:42', NULL),
(82, 84, 'ewallet', 300000.00, 'paid', '2025-12-13 03:56:42', NULL),
(83, 85, 'qris', 600000.00, 'paid', '2025-12-13 03:56:42', NULL),
(84, 86, 'transfer', 1200000.00, 'paid', '2025-12-13 03:56:42', NULL),
(85, 87, 'ewallet', 600000.00, 'paid', '2025-12-13 03:56:42', NULL),
(86, 88, 'ewallet', 1200000.00, 'paid', '2025-12-13 03:56:42', NULL),
(87, 89, 'ewallet', 1200000.00, 'paid', '2025-12-13 03:56:42', NULL),
(88, 90, 'ewallet', 200000.00, 'paid', '2025-12-13 03:56:42', NULL),
(89, 91, 'ewallet', 600000.00, 'paid', '2025-12-13 03:56:42', NULL),
(90, 92, 'ewallet', 450000.00, 'paid', '2025-12-13 03:56:42', NULL),
(91, 93, 'ewallet', 600000.00, 'paid', '2025-12-13 03:56:42', NULL),
(92, 94, 'qris', 200000.00, 'paid', '2025-12-13 03:56:42', NULL),
(93, 95, 'qris', 300000.00, 'paid', '2025-12-13 03:56:42', NULL),
(94, 96, 'transfer', 300000.00, 'paid', '2025-12-13 03:56:42', NULL),
(95, 97, 'ewallet', 300000.00, 'paid', '2025-12-13 03:56:42', NULL),
(96, 98, 'transfer', 600000.00, 'paid', '2025-12-13 03:56:42', NULL),
(97, 99, 'qris', 1200000.00, 'paid', '2025-12-13 03:56:42', NULL),
(98, 100, 'qris', 600000.00, 'paid', '2025-12-13 03:56:42', NULL),
(99, 101, 'transfer', 600000.00, 'paid', '2025-12-13 03:56:42', NULL),
(100, 102, 'transfer', 600000.00, 'paid', '2025-12-13 03:56:42', NULL),
(101, 103, 'transfer', 200000.00, 'paid', '2025-12-13 03:56:42', NULL),
(102, 104, 'ewallet', 1200000.00, 'paid', '2025-12-13 03:56:42', NULL),
(103, 105, 'ewallet', 200000.00, 'paid', '2025-12-13 03:56:42', NULL),
(104, 106, 'ewallet', 450000.00, 'paid', '2025-12-13 03:56:42', NULL),
(105, 107, 'ewallet', 150000.00, 'paid', '2025-12-13 03:56:42', NULL),
(106, 108, 'qris', 150000.00, 'paid', '2025-12-13 03:56:42', NULL),
(107, 109, 'ewallet', 600000.00, 'paid', '2025-12-13 03:56:42', NULL),
(108, 110, 'transfer', 300000.00, 'paid', '2025-12-13 03:56:42', NULL),
(109, 111, 'transfer', 600000.00, 'paid', '2025-12-13 03:56:42', NULL),
(110, 112, 'ewallet', 600000.00, 'paid', '2025-12-13 03:56:42', NULL),
(111, 113, 'transfer', 600000.00, 'paid', '2025-12-13 03:56:42', NULL),
(112, 114, 'ewallet', 300000.00, 'paid', '2025-12-13 03:56:42', NULL),
(113, 115, 'ewallet', 600000.00, 'paid', '2025-12-13 03:56:42', NULL),
(114, 116, 'ewallet', 600000.00, 'paid', '2025-12-13 03:56:42', NULL),
(115, 117, 'transfer', 100000.00, 'paid', '2025-12-13 03:56:42', NULL),
(116, 118, 'transfer', 300000.00, 'paid', '2025-12-13 03:56:42', NULL),
(117, 119, 'transfer', 100000.00, 'paid', '2025-12-13 03:56:42', NULL),
(118, 120, 'ewallet', 300000.00, 'paid', '2025-12-13 03:56:42', NULL),
(119, 121, 'ewallet', 300000.00, 'paid', '2025-12-13 03:56:42', NULL),
(120, 122, 'ewallet', 600000.00, 'paid', '2025-12-13 03:56:42', NULL),
(121, 123, 'ewallet', 100000.00, 'paid', '2025-12-13 03:56:42', NULL),
(122, 124, 'qris', 600000.00, 'paid', '2025-12-13 03:56:42', NULL),
(123, 125, 'ewallet', 300000.00, 'paid', '2025-12-13 03:56:42', NULL),
(124, 126, 'qris', 200000.00, 'paid', '2025-12-13 03:56:42', NULL),
(125, 127, 'transfer', 1200000.00, 'paid', '2025-12-13 03:56:42', NULL),
(126, 128, 'ewallet', 200000.00, 'paid', '2025-12-13 03:56:42', NULL),
(127, 129, 'transfer', 600000.00, 'paid', '2025-12-13 03:56:42', NULL),
(128, 130, 'transfer', 300000.00, 'paid', '2025-12-13 03:56:42', NULL),
(129, 131, 'qris', 450000.00, 'paid', '2025-12-13 03:56:42', NULL),
(130, 132, 'ewallet', 450000.00, 'paid', '2025-12-13 03:56:42', NULL),
(131, 133, 'transfer', 150000.00, 'paid', '2025-12-13 03:56:42', NULL),
(132, 134, 'ewallet', 1200000.00, 'paid', '2025-12-13 03:56:42', NULL),
(133, 135, 'qris', 600000.00, 'paid', '2025-12-13 03:56:42', NULL),
(134, 136, 'ewallet', 1200000.00, 'paid', '2025-12-13 03:56:42', NULL),
(135, 137, 'ewallet', 150000.00, 'paid', '2025-12-13 03:56:42', NULL),
(136, 138, 'qris', 900000.00, 'paid', '2025-12-13 03:56:42', NULL),
(137, 139, 'qris', 450000.00, 'paid', '2025-12-13 03:56:42', NULL),
(138, 140, 'transfer', 150000.00, 'paid', '2025-12-13 03:56:42', NULL),
(139, 141, 'qris', 150000.00, 'paid', '2025-12-13 03:56:42', NULL),
(140, 142, 'ewallet', 600000.00, 'paid', '2025-12-13 03:56:42', NULL),
(141, 143, 'ewallet', 450000.00, 'paid', '2025-12-13 03:56:42', NULL),
(142, 144, 'transfer', 450000.00, 'paid', '2025-12-13 03:56:42', NULL),
(143, 145, 'ewallet', 600000.00, 'paid', '2025-12-13 03:56:42', NULL),
(144, 146, 'ewallet', 300000.00, 'paid', '2025-12-13 03:56:42', NULL),
(145, 147, 'ewallet', 100000.00, 'paid', '2025-12-13 03:56:42', NULL),
(146, 148, 'transfer', 300000.00, 'paid', '2025-12-13 03:56:42', NULL),
(147, 149, 'qris', 100000.00, 'paid', '2025-12-13 03:56:42', NULL),
(148, 150, 'ewallet', 300000.00, 'paid', '2025-12-13 03:56:42', NULL),
(149, 151, 'qris', 300000.00, 'paid', '2025-12-13 03:56:42', NULL),
(150, 152, 'qris', 450000.00, 'paid', '2025-12-13 03:56:42', NULL),
(151, 153, 'ewallet', 450000.00, 'paid', '2025-12-13 03:56:42', NULL),
(152, 154, 'ewallet', 450000.00, 'paid', '2025-12-13 03:56:42', NULL),
(153, 155, 'qris', 200000.00, 'paid', '2025-12-13 03:56:42', NULL),
(154, 156, 'ewallet', 100000.00, 'paid', '2025-12-13 03:56:42', NULL),
(155, 157, 'qris', 600000.00, 'paid', '2025-12-13 03:56:42', NULL),
(156, 158, 'qris', 100000.00, 'paid', '2025-12-13 03:56:42', NULL),
(157, 159, 'ewallet', 450000.00, 'paid', '2025-12-13 03:56:42', NULL),
(158, 160, 'transfer', 900000.00, 'paid', '2025-12-13 03:56:42', NULL),
(159, 161, 'transfer', 300000.00, 'paid', '2025-12-13 03:56:42', NULL),
(160, 162, 'transfer', 300000.00, 'paid', '2025-12-13 03:56:42', NULL),
(161, 163, 'transfer', 300000.00, 'paid', '2025-12-13 03:56:42', NULL),
(162, 164, 'ewallet', 150000.00, 'paid', '2025-12-13 03:56:42', NULL),
(163, 165, 'qris', 900000.00, 'paid', '2025-12-13 03:56:42', NULL),
(164, 166, 'qris', 150000.00, 'paid', '2025-12-13 03:56:42', NULL),
(165, 167, 'transfer', 450000.00, 'paid', '2025-12-13 03:56:42', NULL),
(166, 168, 'qris', 100000.00, 'paid', '2025-12-13 03:56:42', NULL),
(167, 169, 'qris', 300000.00, 'paid', '2025-12-13 03:56:42', NULL),
(168, 170, 'qris', 600000.00, 'paid', '2025-12-13 03:56:42', NULL),
(169, 171, 'ewallet', 200000.00, 'paid', '2025-12-13 03:56:42', NULL),
(170, 172, 'qris', 1200000.00, 'paid', '2025-12-13 03:56:42', NULL),
(171, 173, 'transfer', 600000.00, 'paid', '2025-12-13 03:56:42', NULL),
(172, 174, 'ewallet', 300000.00, 'paid', '2025-12-13 03:56:42', NULL),
(173, 175, 'qris', 600000.00, 'paid', '2025-12-13 03:56:42', NULL),
(174, 176, 'qris', 200000.00, 'paid', '2025-12-13 03:56:42', NULL),
(175, 177, 'ewallet', 900000.00, 'paid', '2025-12-13 03:56:42', NULL),
(176, 178, 'qris', 900000.00, 'paid', '2025-12-13 03:56:42', NULL),
(177, 179, 'qris', 450000.00, 'paid', '2025-12-13 03:56:42', NULL),
(178, 180, 'ewallet', 300000.00, 'paid', '2025-12-13 03:56:42', NULL),
(179, 181, 'transfer', 100000.00, 'paid', '2025-12-13 03:56:42', NULL),
(180, 182, 'qris', 100000.00, 'paid', '2025-12-13 03:56:42', NULL),
(181, 183, 'qris', 900000.00, 'paid', '2025-12-13 03:56:42', NULL),
(182, 184, 'ewallet', 200000.00, 'paid', '2025-12-13 03:56:42', NULL),
(183, 185, 'qris', 600000.00, 'paid', '2025-12-13 03:56:42', NULL),
(184, 186, 'transfer', 1200000.00, 'paid', '2025-12-13 03:56:42', NULL),
(185, 187, 'ewallet', 600000.00, 'paid', '2025-12-13 03:56:42', NULL),
(186, 188, 'transfer', 1200000.00, 'paid', '2025-12-13 03:56:42', NULL),
(187, 189, 'qris', 100000.00, 'paid', '2025-12-13 03:56:42', NULL),
(188, 190, 'transfer', 300000.00, 'paid', '2025-12-13 03:56:42', NULL),
(189, 191, 'qris', 1200000.00, 'paid', '2025-12-13 03:56:42', NULL),
(190, 192, 'qris', 1200000.00, 'paid', '2025-12-13 03:56:42', NULL),
(191, 193, 'ewallet', 150000.00, 'paid', '2025-12-13 03:56:42', NULL),
(192, 194, 'transfer', 150000.00, 'paid', '2025-12-13 03:56:42', NULL),
(193, 195, 'transfer', 150000.00, 'paid', '2025-12-13 03:56:42', NULL),
(194, 196, 'transfer', 150000.00, 'paid', '2025-12-13 03:56:42', NULL),
(195, 197, 'transfer', 450000.00, 'paid', '2025-12-13 03:56:42', NULL),
(196, 198, 'transfer', 900000.00, 'paid', '2025-12-13 03:56:42', NULL),
(197, 199, 'qris', 150000.00, 'paid', '2025-12-13 03:56:42', NULL),
(198, 200, 'qris', 900000.00, 'paid', '2025-12-13 03:56:42', NULL),
(199, 201, 'ewallet', 450000.00, 'paid', '2025-12-13 03:56:42', NULL),
(200, 202, 'ewallet', 1200000.00, 'paid', '2025-12-13 03:56:42', NULL),
(201, 203, 'ewallet', 600000.00, 'paid', '2025-12-13 03:56:42', NULL),
(202, 204, 'ewallet', 600000.00, 'paid', '2025-12-13 03:56:42', NULL),
(203, 205, 'ewallet', 1200000.00, 'paid', '2025-12-13 03:56:42', NULL),
(204, 206, 'qris', 300000.00, 'paid', '2025-12-13 03:56:42', NULL),
(205, 207, 'ewallet', 600000.00, 'paid', '2025-12-13 03:56:42', NULL),
(206, 208, 'transfer', 100000.00, 'paid', '2025-12-13 03:56:42', NULL),
(207, 209, 'qris', 150000.00, 'paid', '2025-12-13 03:56:42', NULL),
(208, 210, 'ewallet', 450000.00, 'paid', '2025-12-13 03:56:42', NULL),
(209, 211, 'transfer', 150000.00, 'paid', '2025-12-13 03:56:42', NULL),
(210, 212, 'ewallet', 100000.00, 'paid', '2025-12-13 03:56:42', NULL),
(211, 213, 'qris', 600000.00, 'paid', '2025-12-13 03:56:42', NULL),
(212, 214, 'transfer', 100000.00, 'paid', '2025-12-13 03:56:42', NULL),
(213, 215, 'transfer', 600000.00, 'paid', '2025-12-13 03:56:42', NULL),
(214, 216, 'ewallet', 1200000.00, 'paid', '2025-12-13 03:56:42', NULL),
(215, 217, 'transfer', 900000.00, 'paid', '2025-12-13 03:56:42', NULL),
(216, 218, 'transfer', 100000.00, 'paid', '2025-12-13 03:56:42', NULL),
(217, 219, 'qris', 150000.00, 'paid', '2025-12-13 03:56:42', NULL),
(218, 220, 'ewallet', 150000.00, 'paid', '2025-12-13 03:56:42', NULL),
(219, 221, 'qris', 900000.00, 'paid', '2025-12-13 03:56:42', NULL),
(220, 222, 'transfer', 900000.00, 'paid', '2025-12-13 03:56:42', NULL),
(221, 223, 'transfer', 900000.00, 'paid', '2025-12-13 03:56:42', NULL),
(222, 224, 'ewallet', 100000.00, 'paid', '2025-12-13 03:56:42', NULL),
(223, 225, 'ewallet', 300000.00, 'paid', '2025-12-13 03:56:42', NULL),
(224, 226, 'ewallet', 200000.00, 'paid', '2025-12-13 03:56:42', NULL),
(225, 227, 'transfer', 900000.00, 'paid', '2025-12-13 03:56:42', NULL),
(226, 228, 'transfer', 150000.00, 'paid', '2025-12-13 03:56:42', NULL),
(227, 229, 'transfer', 600000.00, 'paid', '2025-12-13 03:56:42', NULL),
(228, 230, 'qris', 300000.00, 'paid', '2025-12-13 03:56:42', NULL),
(229, 231, 'qris', 450000.00, 'paid', '2025-12-13 03:56:42', NULL),
(230, 232, 'transfer', 900000.00, 'paid', '2025-12-13 03:56:42', NULL),
(231, 233, 'transfer', 1200000.00, 'paid', '2025-12-13 03:56:42', NULL),
(232, 234, 'transfer', 200000.00, 'paid', '2025-12-13 03:56:42', NULL),
(233, 235, 'transfer', 450000.00, 'paid', '2025-12-13 03:56:42', NULL),
(234, 236, 'ewallet', 450000.00, 'paid', '2025-12-13 03:56:42', NULL),
(235, 237, 'qris', 450000.00, 'paid', '2025-12-13 03:56:42', NULL),
(236, 238, 'qris', 1200000.00, 'paid', '2025-12-13 03:56:42', NULL),
(237, 239, 'transfer', 200000.00, 'paid', '2025-12-13 03:56:42', NULL),
(238, 240, 'ewallet', 200000.00, 'paid', '2025-12-13 03:56:42', NULL),
(239, 241, 'ewallet', 1200000.00, 'paid', '2025-12-13 03:56:42', NULL),
(240, 242, 'transfer', 600000.00, 'paid', '2025-12-13 03:56:42', NULL),
(241, 243, 'transfer', 450000.00, 'paid', '2025-12-13 03:56:42', NULL),
(242, 244, 'transfer', 450000.00, 'paid', '2025-12-13 03:56:42', NULL),
(243, 245, 'ewallet', 450000.00, 'paid', '2025-12-13 03:56:42', NULL),
(244, 246, 'ewallet', 300000.00, 'paid', '2025-12-13 03:56:42', NULL),
(245, 247, 'transfer', 100000.00, 'paid', '2025-12-13 03:56:42', NULL),
(246, 248, 'ewallet', 450000.00, 'paid', '2025-12-13 03:56:42', NULL),
(247, 249, 'ewallet', 900000.00, 'paid', '2025-12-13 03:56:42', NULL),
(248, 250, 'transfer', 450000.00, 'paid', '2025-12-13 03:56:42', NULL),
(249, 251, 'transfer', 300000.00, 'paid', '2025-12-13 03:56:42', NULL),
(250, 252, 'qris', 100000.00, 'paid', '2025-12-13 03:56:42', NULL),
(251, 253, 'transfer', 600000.00, 'paid', '2025-12-13 03:56:42', NULL),
(252, 254, 'transfer', 200000.00, 'paid', '2025-12-13 03:56:42', NULL),
(253, 255, 'transfer', 600000.00, 'paid', '2025-12-13 03:56:42', NULL),
(254, 256, 'transfer', 100000.00, 'paid', '2025-12-13 03:56:42', NULL),
(255, 257, 'ewallet', 600000.00, 'paid', '2025-12-13 03:56:42', NULL),
(256, 258, 'ewallet', 150000.00, 'paid', '2025-12-13 03:56:42', NULL),
(257, 259, 'qris', 900000.00, 'paid', '2025-12-13 03:56:42', NULL),
(258, 260, 'ewallet', 900000.00, 'paid', '2025-12-13 03:56:42', NULL),
(259, 261, 'transfer', 450000.00, 'paid', '2025-12-13 03:56:42', NULL),
(260, 262, 'ewallet', 100000.00, 'paid', '2025-12-13 03:56:42', NULL),
(261, 263, 'ewallet', 150000.00, 'paid', '2025-12-13 03:56:42', NULL),
(262, 264, 'transfer', 900000.00, 'paid', '2025-12-13 03:56:42', NULL),
(263, 265, 'transfer', 150000.00, 'paid', '2025-12-13 03:56:42', NULL),
(264, 266, 'ewallet', 200000.00, 'paid', '2025-12-13 03:56:42', NULL),
(265, 267, 'ewallet', 600000.00, 'paid', '2025-12-13 03:56:42', NULL),
(266, 268, 'qris', 1200000.00, 'paid', '2025-12-13 03:56:42', NULL),
(267, 269, 'transfer', 100000.00, 'paid', '2025-12-13 03:56:42', NULL),
(268, 270, 'qris', 600000.00, 'paid', '2025-12-13 03:56:42', NULL),
(269, 271, 'qris', 450000.00, 'paid', '2025-12-13 03:56:42', NULL),
(270, 272, 'ewallet', 150000.00, 'paid', '2025-12-13 03:56:42', NULL),
(271, 273, 'transfer', 600000.00, 'paid', '2025-12-13 03:56:42', NULL),
(272, 274, 'ewallet', 1200000.00, 'paid', '2025-12-13 03:56:42', NULL),
(273, 275, 'qris', 600000.00, 'paid', '2025-12-13 03:56:42', NULL),
(274, 276, 'qris', 450000.00, 'paid', '2025-12-13 03:56:42', NULL),
(275, 277, 'transfer', 900000.00, 'paid', '2025-12-13 03:56:42', NULL),
(276, 278, 'qris', 150000.00, 'paid', '2025-12-13 03:56:42', NULL),
(277, 279, 'ewallet', 900000.00, 'paid', '2025-12-13 03:56:42', NULL),
(278, 280, 'transfer', 150000.00, 'paid', '2025-12-13 03:56:42', NULL),
(279, 281, 'transfer', 900000.00, 'paid', '2025-12-13 03:56:42', NULL),
(280, 282, 'transfer', 900000.00, 'paid', '2025-12-13 03:56:42', NULL),
(281, 283, 'ewallet', 600000.00, 'paid', '2025-12-13 03:56:42', NULL),
(282, 284, 'ewallet', 100000.00, 'paid', '2025-12-13 03:56:42', NULL),
(283, 285, 'qris', 600000.00, 'paid', '2025-12-13 03:56:42', NULL),
(284, 286, 'ewallet', 300000.00, 'paid', '2025-12-13 03:56:42', NULL),
(285, 287, 'transfer', 200000.00, 'paid', '2025-12-13 03:56:42', NULL),
(286, 288, 'qris', 600000.00, 'paid', '2025-12-13 03:56:42', NULL),
(287, 289, 'transfer', 1200000.00, 'paid', '2025-12-13 03:56:42', NULL),
(288, 290, 'ewallet', 200000.00, 'paid', '2025-12-13 03:56:42', NULL),
(289, 291, 'ewallet', 450000.00, 'paid', '2025-12-13 03:56:42', NULL),
(290, 292, 'ewallet', 300000.00, 'paid', '2025-12-13 03:56:42', NULL),
(291, 293, 'ewallet', 600000.00, 'paid', '2025-12-13 03:56:42', NULL),
(292, 294, 'ewallet', 100000.00, 'paid', '2025-12-13 03:56:42', NULL),
(293, 295, 'qris', 300000.00, 'paid', '2025-12-13 03:56:42', NULL),
(294, 296, 'ewallet', 100000.00, 'paid', '2025-12-13 03:56:42', NULL),
(295, 297, 'qris', 450000.00, 'paid', '2025-12-13 03:56:42', NULL),
(296, 298, 'ewallet', 150000.00, 'paid', '2025-12-13 03:56:42', NULL),
(297, 299, 'qris', 150000.00, 'paid', '2025-12-13 03:56:42', NULL),
(298, 300, 'qris', 300000.00, 'paid', '2025-12-13 03:56:42', NULL),
(299, 301, 'ewallet', 300000.00, 'paid', '2025-12-13 03:56:42', NULL),
(300, 302, 'transfer', 600000.00, 'paid', '2025-12-13 03:56:42', NULL),
(301, 303, 'qris', 300000.00, 'paid', '2025-12-13 03:56:42', NULL),
(302, 304, 'ewallet', 300000.00, 'paid', '2025-12-13 03:56:42', NULL),
(303, 305, 'ewallet', 600000.00, 'paid', '2025-12-13 03:56:42', NULL),
(304, 306, 'transfer', 600000.00, 'paid', '2025-12-13 03:56:42', NULL),
(305, 307, 'ewallet', 1200000.00, 'paid', '2025-12-13 03:56:42', NULL),
(306, 308, 'ewallet', 100000.00, 'paid', '2025-12-13 03:56:42', NULL),
(307, 309, 'transfer', 300000.00, 'paid', '2025-12-13 03:56:42', NULL),
(308, 310, 'qris', 300000.00, 'paid', '2025-12-13 03:56:42', NULL),
(309, 311, 'qris', 1200000.00, 'paid', '2025-12-13 03:56:42', NULL),
(310, 312, 'transfer', 600000.00, 'paid', '2025-12-13 03:56:42', NULL),
(311, 313, 'qris', 1200000.00, 'paid', '2025-12-13 03:56:42', NULL),
(312, 314, 'qris', 600000.00, 'paid', '2025-12-13 03:56:42', NULL),
(313, 315, 'transfer', 1200000.00, 'paid', '2025-12-13 03:56:42', NULL),
(314, 316, 'ewallet', 150000.00, 'paid', '2025-12-13 03:56:42', NULL),
(315, 317, 'qris', 300000.00, 'paid', '2025-12-13 03:56:42', NULL),
(316, 318, 'transfer', 300000.00, 'paid', '2025-12-13 03:56:42', NULL),
(317, 319, 'ewallet', 100000.00, 'paid', '2025-12-13 03:56:42', NULL),
(318, 320, 'qris', 600000.00, 'paid', '2025-12-13 03:56:42', NULL),
(319, 321, 'qris', 450000.00, 'paid', '2025-12-13 03:56:42', NULL),
(320, 322, 'qris', 900000.00, 'paid', '2025-12-13 03:56:42', NULL),
(321, 323, 'qris', 150000.00, 'paid', '2025-12-13 03:56:42', NULL),
(322, 324, 'ewallet', 600000.00, 'paid', '2025-12-13 03:56:42', NULL),
(323, 325, 'ewallet', 200000.00, 'paid', '2025-12-13 03:56:42', NULL),
(324, 326, 'ewallet', 200000.00, 'paid', '2025-12-13 03:56:42', NULL),
(325, 327, 'ewallet', 200000.00, 'paid', '2025-12-13 03:56:42', NULL),
(326, 328, 'qris', 600000.00, 'paid', '2025-12-13 03:56:42', NULL);

-- --------------------------------------------------------

--
-- Struktur dari tabel `tutors`
--

CREATE TABLE `tutors` (
  `tutor_id` varchar(10) NOT NULL,
  `mapel_id` varchar(10) DEFAULT NULL,
  `pengalaman` text DEFAULT NULL,
  `rating` decimal(3,2) DEFAULT 0.00,
  `is_active` tinyint(1) DEFAULT 1,
  `created_at` timestamp NOT NULL DEFAULT current_timestamp(),
  `updated_at` timestamp NOT NULL DEFAULT current_timestamp() ON UPDATE current_timestamp()
) ENGINE=InnoDB DEFAULT CHARSET=utf8mb4 COLLATE=utf8mb4_general_ci;

--
-- Dumping data untuk tabel `tutors`
--

INSERT INTO `tutors` (`tutor_id`, `mapel_id`, `pengalaman`, `rating`, `is_active`, `created_at`, `updated_at`) VALUES
('T001', 'sd1_001', '0', 0.00, 1, '2023-10-16 17:00:00', '2025-12-15 12:35:29'),
('T002', 'smp1_003', '', 0.00, 1, '2023-08-27 17:00:00', '2025-12-15 12:35:29'),
('T003', 'sma2_001', '', 0.00, 1, '2023-04-25 17:00:00', '2025-12-15 12:35:29'),
('T004', 'sd3_004', '', 0.00, 1, '2023-02-17 17:00:00', '2025-12-15 12:35:29'),
('T005', 'smp2_002', '', 0.00, 1, '2023-09-05 17:00:00', '2025-12-15 12:35:29'),
('T006', 'sma1_003', '', 0.00, 1, '2023-10-02 17:00:00', '2025-12-15 12:35:29'),
('T007', 'sd5_002', '', 0.00, 1, '2023-04-05 17:00:00', '2025-12-15 12:35:29'),
('T008', 'smp3_004', '', 0.00, 1, '2023-03-03 17:00:00', '2025-12-15 12:35:29'),
('T009', 'sma3_001', '', 0.00, 1, '2023-11-20 17:00:00', '2025-12-15 12:35:29'),
('T010', 'sd2_003', '', 0.00, 1, '2023-05-17 17:00:00', '2025-12-15 12:35:29'),
('T011', 'smp1_001', '', 0.00, 1, '2023-03-03 17:00:00', '2025-12-15 12:35:29'),
('T012', 'sma2_004', '', 0.00, 1, '2023-11-12 17:00:00', '2025-12-15 12:35:29'),
('T013', 'sd4_002', '', 0.00, 1, '2023-12-22 17:00:00', '2025-12-15 12:35:29'),
('T014', 'smp2_003', '', 0.00, 1, '2023-10-03 17:00:00', '2025-12-15 12:35:29'),
('T015', 'sma1_002', '', 0.00, 1, '2023-08-21 17:00:00', '2025-12-15 12:35:29'),
('T016', 'sd3_001', '', 0.00, 1, '2023-05-03 17:00:00', '2025-12-15 12:35:29'),
('T017', 'smp3_002', '', 0.00, 1, '2023-08-31 17:00:00', '2025-12-15 12:35:29'),
('T018', 'sma3_004', '', 0.00, 1, '2023-08-22 17:00:00', '2025-12-15 12:35:29'),
('T019', 'sd5_003', '', 0.00, 1, '2023-03-23 17:00:00', '2025-12-15 12:35:29'),
('T020', 'smp1_004', '', 0.00, 1, '2023-07-10 17:00:00', '2025-12-15 12:35:29'),
('T021', 'sma2_002', '', 0.00, 1, '2023-12-07 17:00:00', '2025-12-15 12:35:29'),
('T022', 'sd2_001', '', 0.00, 1, '2023-02-08 17:00:00', '2025-12-15 12:35:29'),
('T023', 'smp2_004', '', 0.00, 1, '2023-08-02 17:00:00', '2025-12-15 12:35:29'),
('T024', 'sma3_002', '', 0.00, 1, '2023-03-17 17:00:00', '2025-12-15 12:35:29'),
('T025', 'sd1_002', NULL, NULL, 1, '2023-09-02 17:00:00', '2025-12-15 12:35:29'),
('T026', 'sd1_003', NULL, NULL, 1, '2023-12-12 17:00:00', '2025-12-15 12:35:29'),
('T027', 'sd1_004', NULL, NULL, 1, '2023-01-12 17:00:00', '2025-12-15 12:35:29'),
('T028', 'sd4_001', NULL, NULL, 1, '2023-01-17 17:00:00', '2025-12-15 12:35:29'),
('T029', 'sd2_002', NULL, NULL, 1, '2023-08-06 17:00:00', '2025-12-15 12:35:29'),
('T030', 'smp2_006', NULL, NULL, 1, '2023-12-14 17:00:00', '2025-12-15 12:35:29'),
('T031', 'smp1_005', NULL, 0.00, 1, '2023-10-17 17:00:00', '2025-12-15 12:35:29'),
('T032', 'smp1_001', NULL, 0.00, 1, '2023-07-23 17:00:00', '2025-12-15 12:35:29'),
('T033', 'sma1_002', NULL, 0.00, 1, '2023-06-17 17:00:00', '2025-12-15 12:35:29'),
('T034', 'sma1_005', NULL, 0.00, 1, '2023-09-21 17:00:00', '2025-12-15 12:35:29'),
('T035', 'sma1_001', NULL, 0.00, 1, '2023-08-26 17:00:00', '2025-12-15 12:35:29'),
('T036', 'sma1_008', NULL, 0.00, 1, '2023-12-04 17:00:00', '2025-12-15 12:35:29'),
('T037', 'sma1_006', NULL, 0.00, 1, '2023-10-03 17:00:00', '2025-12-15 12:35:29'),
('T038', 'sd1_002', NULL, 0.00, 1, '2023-01-31 17:00:00', '2025-12-15 12:35:29'),
('T039', 'sma1_010', NULL, 0.00, 1, '2023-10-20 17:00:00', '2025-12-15 12:35:29'),
('T040', 'smp1_004', NULL, 0.00, 1, '2023-07-15 17:00:00', '2025-12-15 12:35:29'),
('T041', 'sma1_007', NULL, 0.00, 1, '2023-01-01 17:00:00', '2025-12-15 12:35:29'),
('T042', 'sd1_003', NULL, 0.00, 1, '2023-03-21 17:00:00', '2025-12-15 12:35:29'),
('T043', 'smp1_002', NULL, 0.00, 1, '2023-02-25 17:00:00', '2025-12-15 12:35:29'),
('T044', 'sd1_001', NULL, 0.00, 1, '2023-12-08 17:00:00', '2025-12-15 12:35:29'),
('T045', 'smp1_003', NULL, 0.00, 1, '2023-06-25 17:00:00', '2025-12-15 12:35:29'),
('T046', 'sd1_004', NULL, 0.00, 1, '2023-09-27 17:00:00', '2025-12-15 12:35:29'),
('T047', 'smp1_006', NULL, 0.00, 1, '2023-10-03 17:00:00', '2025-12-15 12:35:29'),
('T048', 'sma1_011', NULL, 0.00, 1, '2023-09-29 17:00:00', '2025-12-15 12:35:29'),
('T049', 'sma1_003', NULL, 0.00, 1, '2023-05-26 17:00:00', '2025-12-15 12:35:29'),
('T050', 'sma1_009', NULL, 0.00, 1, '2023-11-25 17:00:00', '2025-12-15 12:35:29'),
('T051', 'sma1_004', NULL, 0.00, 1, '2023-08-01 17:00:00', '2025-12-15 12:35:29'),
('T052', 'smp1_006', NULL, 0.00, 1, '2023-12-27 17:00:00', '2025-12-15 12:35:29'),
('T053', 'sma1_002', NULL, 0.00, 1, '2023-07-31 17:00:00', '2025-12-15 12:35:29'),
('T054', 'smp1_002', NULL, 0.00, 1, '2023-03-06 17:00:00', '2025-12-15 12:35:29'),
('T055', 'smp1_004', NULL, 0.00, 1, '2023-02-22 17:00:00', '2025-12-15 12:35:29'),
('T056', 'sma1_007', NULL, 0.00, 1, '2023-03-14 17:00:00', '2025-12-15 12:35:29'),
('T057', 'sd1_002', NULL, 0.00, 1, '2023-06-26 17:00:00', '2025-12-15 12:35:29'),
('T058', 'sma1_007', NULL, 0.00, 1, '2023-06-16 17:00:00', '2025-12-15 12:35:29'),
('T059', 'sma1_008', NULL, 0.00, 1, '2023-05-15 17:00:00', '2025-12-15 12:35:29'),
('T060', 'sma1_002', NULL, 0.00, 1, '2023-12-08 17:00:00', '2025-12-15 12:35:29'),
('T061', 'smp1_006', NULL, 0.00, 1, '2023-07-11 17:00:00', '2025-12-15 12:35:29'),
('T062', 'sma1_004', NULL, 0.00, 1, '2023-07-24 17:00:00', '2025-12-15 12:35:29'),
('T063', 'sma1_005', NULL, 0.00, 1, '2023-12-27 17:00:00', '2025-12-15 12:35:29'),
('T064', 'smp1_006', NULL, 0.00, 1, '2023-10-05 17:00:00', '2025-12-15 12:35:29'),
('T065', 'smp1_006', NULL, 0.00, 1, '2023-08-07 17:00:00', '2025-12-15 12:35:29'),
('T066', 'sma1_006', NULL, 0.00, 1, '2023-07-31 17:00:00', '2025-12-15 12:35:29'),
('T067', 'sd1_003', NULL, 0.00, 1, '2023-08-27 17:00:00', '2025-12-15 12:35:29'),
('T068', 'sd1_003', NULL, 0.00, 1, '2023-04-09 17:00:00', '2025-12-15 12:35:29'),
('T069', 'sma1_004', NULL, 0.00, 1, '2023-03-27 17:00:00', '2025-12-15 12:35:29'),
('T070', 'sma1_001', NULL, 0.00, 1, '2023-01-19 17:00:00', '2025-12-15 12:35:29'),
('T071', 'sd1_002', NULL, 0.00, 1, '2023-11-17 17:00:00', '2025-12-15 12:35:29'),
('T072', 'sma1_005', NULL, 0.00, 1, '2023-04-21 17:00:00', '2025-12-15 12:35:29'),
('T073', 'sma1_001', NULL, 0.00, 1, '2023-11-09 17:00:00', '2025-12-15 12:35:29'),
('T074', 'sma1_010', NULL, 0.00, 1, '2023-08-13 17:00:00', '2025-12-15 12:35:29'),
('T075', 'sma1_006', NULL, 0.00, 1, '2023-01-08 17:00:00', '2025-12-15 12:35:29'),
('T076', 'sma1_008', NULL, 0.00, 1, '2023-11-04 17:00:00', '2025-12-15 12:35:29'),
('T077', 'sma1_009', NULL, 0.00, 1, '2023-11-19 17:00:00', '2025-12-15 12:35:29'),
('T078', 'sma1_001', NULL, 0.00, 1, '2023-04-11 17:00:00', '2025-12-15 12:35:29'),
('T079', 'sma1_004', NULL, 0.00, 1, '2023-04-08 17:00:00', '2025-12-15 12:35:29'),
('T080', 'sma1_002', NULL, 0.00, 1, '2023-08-25 17:00:00', '2025-12-15 12:35:29');

-- --------------------------------------------------------

--
-- Struktur dari tabel `tutor_assignments`
--

CREATE TABLE `tutor_assignments` (
  `id` bigint(20) UNSIGNED NOT NULL,
  `tutor_id` varchar(10) NOT NULL,
  `mapel_id` varchar(20) NOT NULL,
  `jenjang` varchar(10) NOT NULL,
  `created_at` timestamp NULL DEFAULT NULL,
  `updated_at` timestamp NULL DEFAULT NULL
) ENGINE=InnoDB DEFAULT CHARSET=utf8mb4 COLLATE=utf8mb4_unicode_ci;

-- --------------------------------------------------------

--
-- Struktur dari tabel `tutor_mapel`
--

CREATE TABLE `tutor_mapel` (
  `tutor_id` varchar(10) NOT NULL,
  `mapel_id` varchar(20) NOT NULL
) ENGINE=InnoDB DEFAULT CHARSET=utf8mb4 COLLATE=utf8mb4_general_ci;

-- --------------------------------------------------------

--
-- Struktur dari tabel `users`
--

CREATE TABLE `users` (
  `user_id` varchar(10) NOT NULL,
  `nama` varchar(100) NOT NULL,
  `email` varchar(191) DEFAULT NULL,
  `password` varchar(255) NOT NULL,
  `role` enum('admin','siswa','tutor') NOT NULL,
  `jenis_kelamin` enum('L','P') NOT NULL,
  `no_whatsapp` varchar(20) DEFAULT NULL,
  `tanggal_lahir` date DEFAULT NULL,
  `created_at` timestamp NOT NULL DEFAULT current_timestamp(),
  `updated_at` timestamp NOT NULL DEFAULT current_timestamp() ON UPDATE current_timestamp()
) ENGINE=InnoDB DEFAULT CHARSET=utf8mb4 COLLATE=utf8mb4_general_ci;

--
-- Dumping data untuk tabel `users`
--

INSERT INTO `users` (`user_id`, `nama`, `email`, `password`, `role`, `jenis_kelamin`, `no_whatsapp`, `tanggal_lahir`, `created_at`, `updated_at`) VALUES
('A001', 'Alhaidar', 'abcdefg@gmail.com', '$2y$12$LYIsgxWHMOPfzwuWYZMJIOik8u1tbI/Di2bNNkGYOmceryGs2TGqS', 'admin', 'L', '123', '2025-09-22', '2025-09-22 13:36:50', '2025-10-05 16:21:41'),
('A002', 'Rina Setiawati', 'rina.admin@studybuddy.com', '$2y$12$euFmCemH5rpiXL54qCXMA.j/kqfo4qLEvl3KcsAiu9h9SaP.Z8EMy', 'admin', 'P', '081211111111', '1991-04-15', '2025-10-05 12:55:29', '2025-10-05 10:01:11'),
('A003', 'Agus Pratama', 'agus.admin@studybuddy.com', '$2y$12$CP2Mpd3dJMrc4YPtCtFrE.gSAN6H.md8viGFM1VFVGwV0urmLtQNu', 'admin', 'L', '081322222222', '1989-09-20', '2025-10-05 12:55:29', '2025-12-12 20:58:39'),
('A004', 'Shandika', 'shaandika@gmail.com', '$2y$12$HgSRg72J8Zl5BZKrmSOYfeGIitWovcP2Y/tF1doX6y30yI5q.SoCm', 'admin', 'L', '081549051142', NULL, '2025-10-07 11:28:59', '2025-10-07 11:28:59'),
('A005', 'Admin Test', 'admin@test.com', '$2y$12$HzjdeqzvIWM1X8CK7gto..5NNLeQ.s31t0lKQQzMhyLBTnb3gZMj.', 'admin', 'L', NULL, NULL, '2025-10-07 14:22:33', '2025-10-07 14:22:33'),
('A006', 'Azka', 'azka@gmai.com', '$2y$12$V8v801u/.nuWIFy2E4G/qeg4rWR0/CGNfo.2WgKgpxXmNpV1EQdTy', 'admin', 'P', '08646234626312', NULL, '2025-10-07 14:41:28', '2025-10-07 14:41:28'),
('S001', 'Reihan', 'abc@gmail.com', '123', 'siswa', 'L', '12345', NULL, '2025-09-22 06:48:28', '2025-09-22 05:18:21'),
('S002', 'Arfianti Fadilah Putri', 'dummyemail@gmail.com', '$2y$12$Qbk29CEyzlvvbM6cviOWJuS4arUeJX7e2eBvQWsKjqDAP8bdT.gwK', 'siswa', 'P', '08384999999', '2004-06-28', '2025-10-05 05:01:01', '2025-10-05 05:01:01'),
('S003', 'Aziz Fajar', 'azizfajar@gmail.com', '$2y$12$k13vlYgkbm47g4jIoLxqCOnl2htAoM2VDzXVcc7O5tS5jpG5gH1he', 'siswa', 'L', '0838493920192', NULL, '2025-10-05 08:47:59', '2025-10-07 12:02:46'),
('S004', 'Shandika Maurifki Alhudi', 'shandika2104@gmail.com', '$2y$12$LcRayKaPaa9QgRpGVYBXWOnMpW4R/fFaDQ8TadilRAFj2FFc3OFk.', 'siswa', 'L', '0815667890', '1111-10-14', '2025-10-07 12:07:15', '2025-10-07 12:07:15'),
('S005', 'Marsya', 'marsya@gmail', '$2y$12$sKrk.NdyFzTbbb/sB7EoQOJPspuWX072EL7qT5ukCC6XmXCE6qt6a', 'siswa', 'P', '0214094', '2025-10-10', '2025-10-07 12:50:00', '2025-10-07 12:50:00'),
('S006', 'Student Test', 'student@test.com', '$2y$12$q70/K/oMMzFFhxO3PooqIuaiwaz/2ZPOVXYwayb6Cxuwnb5KQ1sCe', 'siswa', 'L', NULL, NULL, '2025-10-07 14:22:45', '2025-10-07 14:22:45'),
('S007', 'User S007', 'S007@gmail.com', '123', 'siswa', 'L', '088479902459', '2008-01-01', '2025-12-13 03:56:41', '2025-12-13 03:56:41'),
('S008', 'User S008', 'S008@gmail.com', '123', 'siswa', 'L', '089963334018', '2011-01-01', '2025-12-13 03:56:41', '2025-12-13 03:56:41'),
('S009', 'User S009', 'S009@gmail.com', '123', 'siswa', 'L', '081939042955', '2005-01-01', '2025-12-13 03:56:41', '2025-12-13 03:56:41'),
('S010', 'User S010', 'S010@gmail.com', '123', 'siswa', 'P', '086241752544', '2009-01-01', '2025-12-13 03:56:41', '2025-12-13 03:56:41'),
('S011', 'User S011', 'S011@gmail.com', '123', 'siswa', 'P', '086756332150', '2007-01-01', '2025-12-13 03:56:41', '2025-12-13 03:56:41'),
('S012', 'User S012', 'S012@gmail.com', '123', 'siswa', 'L', '085693307665', '2006-01-01', '2025-12-13 03:56:41', '2025-12-13 03:56:41'),
('S013', 'User S013', 'S013@gmail.com', '123', 'siswa', 'P', '084466589567', '2012-01-01', '2025-12-13 03:56:41', '2025-12-13 03:56:41'),
('S014', 'User S014', 'S014@gmail.com', '123', 'siswa', 'P', '089928378856', '2009-01-01', '2025-12-13 03:56:41', '2025-12-13 03:56:41'),
('S015', 'User S015', 'S015@gmail.com', '123', 'siswa', 'P', '083479708607', '2006-01-01', '2025-12-13 03:56:41', '2025-12-13 03:56:41'),
('S016', 'User S016', 'S016@gmail.com', '123', 'siswa', 'L', '088615270538', '2006-01-01', '2025-12-13 03:56:41', '2025-12-13 03:56:41'),
('S017', 'User S017', 'S017@gmail.com', '123', 'siswa', 'P', '086488854841', '2010-01-01', '2025-12-13 03:56:41', '2025-12-13 03:56:41'),
('S018', 'User S018', 'S018@gmail.com', '123', 'siswa', 'P', '083783290795', '2007-01-01', '2025-12-13 03:56:41', '2025-12-13 03:56:41'),
('S019', 'User S019', 'S019@gmail.com', '123', 'siswa', 'L', '085996775663', '2011-01-01', '2025-12-13 03:56:41', '2025-12-13 03:56:41'),
('S020', 'User S020', 'S020@gmail.com', '123', 'siswa', 'L', '088235363119', '2005-01-01', '2025-12-13 03:56:41', '2025-12-13 03:56:41'),
('S021', 'User S021', 'S021@gmail.com', '123', 'siswa', 'P', '087017956955', '2006-01-01', '2025-12-13 03:56:41', '2025-12-13 03:56:41'),
('S022', 'User S022', 'S022@gmail.com', '123', 'siswa', 'P', '087439149233', '2012-01-01', '2025-12-13 03:56:41', '2025-12-13 03:56:41'),
('S023', 'User S023', 'S023@gmail.com', '123', 'siswa', 'L', '087805745017', '2011-01-01', '2025-12-13 03:56:41', '2025-12-13 03:56:41'),
('S024', 'User S024', 'S024@gmail.com', '123', 'siswa', 'L', '087483366056', '2006-01-01', '2025-12-13 03:56:41', '2025-12-13 03:56:41'),
('S025', 'User S025', 'S025@gmail.com', '123', 'siswa', 'L', '083694860228', '2011-01-01', '2025-12-13 03:56:41', '2025-12-13 03:56:41'),
('S026', 'User S026', 'S026@gmail.com', '123', 'siswa', 'P', '089573276057', '2009-01-01', '2025-12-13 03:56:41', '2025-12-13 03:56:41'),
('S027', 'User S027', 'S027@gmail.com', '123', 'siswa', 'L', '088047877267', '2006-01-01', '2025-12-13 03:56:41', '2025-12-13 03:56:41'),
('S028', 'User S028', 'S028@gmail.com', '123', 'siswa', 'L', '082948728483', '2009-01-01', '2025-12-13 03:56:41', '2025-12-13 03:56:41'),
('S029', 'User S029', 'S029@gmail.com', '123', 'siswa', 'L', '083615507143', '2007-01-01', '2025-12-13 03:56:41', '2025-12-13 03:56:41'),
('S030', 'User S030', 'S030@gmail.com', '123', 'siswa', 'L', '087867414708', '2012-01-01', '2025-12-13 03:56:41', '2025-12-13 03:56:41'),
('S031', 'User S031', 'S031@gmail.com', '123', 'siswa', 'P', '082320763135', '2005-01-01', '2025-12-13 03:56:41', '2025-12-13 03:56:41'),
('S032', 'User S032', 'S032@gmail.com', '123', 'siswa', 'L', '089957813353', '2012-01-01', '2025-12-13 03:56:41', '2025-12-13 03:56:41'),
('S033', 'User S033', 'S033@gmail.com', '123', 'siswa', 'L', '083361388464', '2009-01-01', '2025-12-13 03:56:41', '2025-12-13 03:56:41'),
('S034', 'User S034', 'S034@gmail.com', '123', 'siswa', 'P', '085141907136', '2008-01-01', '2025-12-13 03:56:41', '2025-12-13 03:56:41'),
('S035', 'User S035', 'S035@gmail.com', '123', 'siswa', 'P', '088086172302', '2012-01-01', '2025-12-13 03:56:41', '2025-12-13 03:56:41'),
('S036', 'User S036', 'S036@gmail.com', '123', 'siswa', 'L', '082064746525', '2006-01-01', '2025-12-13 03:56:41', '2025-12-13 03:56:41'),
('S037', 'User S037', 'S037@gmail.com', '123', 'siswa', 'L', '083527331058', '2005-01-01', '2025-12-13 03:56:41', '2025-12-13 03:56:41'),
('S038', 'User S038', 'S038@gmail.com', '123', 'siswa', 'L', '081983297492', '2005-01-01', '2025-12-13 03:56:41', '2025-12-13 03:56:41'),
('S039', 'User S039', 'S039@gmail.com', '123', 'siswa', 'L', '083084839399', '2007-01-01', '2025-12-13 03:56:41', '2025-12-13 03:56:41'),
('S040', 'User S040', 'S040@gmail.com', '123', 'siswa', 'P', '082748309234', '2006-01-01', '2025-12-13 03:56:41', '2025-12-13 03:56:41'),
('S041', 'User S041', 'S041@gmail.com', '123', 'siswa', 'P', '086816663775', '2011-01-01', '2025-12-13 03:56:41', '2025-12-13 03:56:41'),
('S042', 'User S042', 'S042@gmail.com', '123', 'siswa', 'L', '081422701550', '2011-01-01', '2025-12-13 03:56:41', '2025-12-13 03:56:41'),
('S043', 'User S043', 'S043@gmail.com', '123', 'siswa', 'L', '082067970820', '2008-01-01', '2025-12-13 03:56:41', '2025-12-13 03:56:41'),
('S044', 'User S044', 'S044@gmail.com', '123', 'siswa', 'L', '082811967841', '2009-01-01', '2025-12-13 03:56:41', '2025-12-13 03:56:41'),
('S045', 'User S045', 'S045@gmail.com', '123', 'siswa', 'L', '083363629219', '2005-01-01', '2025-12-13 03:56:41', '2025-12-13 03:56:41'),
('S046', 'User S046', 'S046@gmail.com', '123', 'siswa', 'L', '085161807235', '2008-01-01', '2025-12-13 03:56:41', '2025-12-13 03:56:41'),
('S047', 'User S047', 'S047@gmail.com', '123', 'siswa', 'P', '083067418686', '2011-01-01', '2025-12-13 03:56:41', '2025-12-13 03:56:41'),
('S048', 'User S048', 'S048@gmail.com', '123', 'siswa', 'P', '086971815972', '2012-01-01', '2025-12-13 03:56:41', '2025-12-13 03:56:41'),
('S049', 'User S049', 'S049@gmail.com', '123', 'siswa', 'P', '081664847319', '2009-01-01', '2025-12-13 03:56:41', '2025-12-13 03:56:41'),
('S050', 'User S050', 'S050@gmail.com', '123', 'siswa', 'L', '088507497883', '2005-01-01', '2025-12-13 03:56:41', '2025-12-13 03:56:41'),
('S051', 'User S051', 'S051@gmail.com', '123', 'siswa', 'P', '081676168421', '2006-01-01', '2025-12-13 03:56:41', '2025-12-13 03:56:41'),
('S052', 'User S052', 'S052@gmail.com', '123', 'siswa', 'L', '086305160342', '2006-01-01', '2025-12-13 03:56:41', '2025-12-13 03:56:41'),
('S053', 'User S053', 'S053@gmail.com', '123', 'siswa', 'L', '083660223333', '2011-01-01', '2025-12-13 03:56:41', '2025-12-13 03:56:41'),
('S054', 'User S054', 'S054@gmail.com', '123', 'siswa', 'P', '089309500117', '2008-01-01', '2025-12-13 03:56:41', '2025-12-13 03:56:41'),
('S055', 'User S055', 'S055@gmail.com', '123', 'siswa', 'P', '086320115677', '2011-01-01', '2025-12-13 03:56:41', '2025-12-13 03:56:41'),
('S056', 'User S056', 'S056@gmail.com', '123', 'siswa', 'P', '087258731893', '2006-01-01', '2025-12-13 03:56:41', '2025-12-13 03:56:41'),
('S057', 'User S057', 'S057@gmail.com', '123', 'siswa', 'L', '089904586976', '2008-01-01', '2025-12-13 03:56:41', '2025-12-13 03:56:41'),
('S058', 'User S058', 'S058@gmail.com', '123', 'siswa', 'L', '089303285822', '2006-01-01', '2025-12-13 03:56:41', '2025-12-13 03:56:41'),
('S059', 'User S059', 'S059@gmail.com', '123', 'siswa', 'P', '085972484792', '2009-01-01', '2025-12-13 03:56:41', '2025-12-13 03:56:41'),
('S060', 'User S060', 'S060@gmail.com', '123', 'siswa', 'L', '087676965974', '2006-01-01', '2025-12-13 03:56:41', '2025-12-13 03:56:41'),
('S061', 'User S061', 'S061@gmail.com', '123', 'siswa', 'L', '084821286999', '2007-01-01', '2025-12-13 03:56:41', '2025-12-13 03:56:41'),
('S062', 'User S062', 'S062@gmail.com', '123', 'siswa', 'L', '088377088167', '2008-01-01', '2025-12-13 03:56:41', '2025-12-13 03:56:41'),
('S063', 'User S063', 'S063@gmail.com', '123', 'siswa', 'P', '087465682673', '2009-01-01', '2025-12-13 03:56:41', '2025-12-13 03:56:41'),
('S064', 'User S064', 'S064@gmail.com', '123', 'siswa', 'P', '088856990236', '2005-01-01', '2025-12-13 03:56:41', '2025-12-13 03:56:41'),
('S065', 'User S065', 'S065@gmail.com', '123', 'siswa', 'L', '082125089309', '2012-01-01', '2025-12-13 03:56:41', '2025-12-13 03:56:41'),
('S066', 'User S066', 'S066@gmail.com', '123', 'siswa', 'P', '083409076656', '2006-01-01', '2025-12-13 03:56:41', '2025-12-13 03:56:41'),
('S067', 'User S067', 'S067@gmail.com', '123', 'siswa', 'L', '083343292475', '2010-01-01', '2025-12-13 03:56:41', '2025-12-13 03:56:41'),
('S068', 'User S068', 'S068@gmail.com', '123', 'siswa', 'L', '082845919895', '2005-01-01', '2025-12-13 03:56:41', '2025-12-13 03:56:41'),
('S069', 'User S069', 'S069@gmail.com', '123', 'siswa', 'L', '089155819200', '2008-01-01', '2025-12-13 03:56:41', '2025-12-13 03:56:41'),
('S070', 'User S070', 'S070@gmail.com', '123', 'siswa', 'L', '089051829827', '2007-01-01', '2025-12-13 03:56:41', '2025-12-13 03:56:41'),
('S071', 'User S071', 'S071@gmail.com', '123', 'siswa', 'L', '089080621072', '2005-01-01', '2025-12-13 03:56:41', '2025-12-13 03:56:41'),
('S072', 'User S072', 'S072@gmail.com', '123', 'siswa', 'P', '086360837474', '2007-01-01', '2025-12-13 03:56:41', '2025-12-13 03:56:41'),
('S073', 'User S073', 'S073@gmail.com', '123', 'siswa', 'P', '084745927824', '2012-01-01', '2025-12-13 03:56:41', '2025-12-13 03:56:41'),
('S074', 'User S074', 'S074@gmail.com', '123', 'siswa', 'P', '086796738787', '2008-01-01', '2025-12-13 03:56:41', '2025-12-13 03:56:41'),
('S075', 'User S075', 'S075@gmail.com', '123', 'siswa', 'L', '087006365648', '2009-01-01', '2025-12-13 03:56:41', '2025-12-13 03:56:41'),
('S076', 'User S076', 'S076@gmail.com', '123', 'siswa', 'P', '087597996327', '2005-01-01', '2025-12-13 03:56:41', '2025-12-13 03:56:41'),
('S077', 'User S077', 'S077@gmail.com', '123', 'siswa', 'L', '089519284858', '2005-01-01', '2025-12-13 03:56:41', '2025-12-13 03:56:41'),
('S078', 'User S078', 'S078@gmail.com', '123', 'siswa', 'P', '088672650595', '2011-01-01', '2025-12-13 03:56:41', '2025-12-13 03:56:41'),
('S079', 'User S079', 'S079@gmail.com', '123', 'siswa', 'L', '083476426797', '2009-01-01', '2025-12-13 03:56:41', '2025-12-13 03:56:41'),
('S080', 'User S080', 'S080@gmail.com', '123', 'siswa', 'P', '089597198563', '2008-01-01', '2025-12-13 03:56:41', '2025-12-13 03:56:41'),
('S081', 'User S081', 'S081@gmail.com', '123', 'siswa', 'L', '089249648005', '2010-01-01', '2025-12-13 03:56:41', '2025-12-13 03:56:41'),
('S082', 'User S082', 'S082@gmail.com', '123', 'siswa', 'P', '087473041886', '2011-01-01', '2025-12-13 03:56:41', '2025-12-13 03:56:41'),
('S083', 'User S083', 'S083@gmail.com', '123', 'siswa', 'P', '083381183483', '2008-01-01', '2025-12-13 03:56:41', '2025-12-13 03:56:41'),
('S084', 'User S084', 'S084@gmail.com', '123', 'siswa', 'P', '084877520294', '2009-01-01', '2025-12-13 03:56:41', '2025-12-13 03:56:41'),
('S085', 'User S085', 'S085@gmail.com', '123', 'siswa', 'L', '086600100279', '2008-01-01', '2025-12-13 03:56:41', '2025-12-13 03:56:41'),
('S086', 'User S086', 'S086@gmail.com', '123', 'siswa', 'P', '087292076361', '2012-01-01', '2025-12-13 03:56:41', '2025-12-13 03:56:41'),
('S087', 'User S087', 'S087@gmail.com', '123', 'siswa', 'P', '084160930353', '2006-01-01', '2025-12-13 03:56:41', '2025-12-13 03:56:41'),
('S088', 'User S088', 'S088@gmail.com', '123', 'siswa', 'P', '082333241445', '2008-01-01', '2025-12-13 03:56:41', '2025-12-13 03:56:41'),
('S089', 'User S089', 'S089@gmail.com', '123', 'siswa', 'L', '085607762160', '2011-01-01', '2025-12-13 03:56:41', '2025-12-13 03:56:41'),
('S090', 'User S090', 'S090@gmail.com', '123', 'siswa', 'L', '086944142262', '2011-01-01', '2025-12-13 03:56:41', '2025-12-13 03:56:41'),
('S091', 'User S091', 'S091@gmail.com', '123', 'siswa', 'L', '084803044105', '2011-01-01', '2025-12-13 03:56:41', '2025-12-13 03:56:41'),
('S092', 'User S092', 'S092@gmail.com', '123', 'siswa', 'P', '089805620900', '2008-01-01', '2025-12-13 03:56:41', '2025-12-13 03:56:41'),
('S093', 'User S093', 'S093@gmail.com', '123', 'siswa', 'L', '088737025391', '2010-01-01', '2025-12-13 03:56:41', '2025-12-13 03:56:41'),
('S094', 'User S094', 'S094@gmail.com', '123', 'siswa', 'P', '087648059419', '2007-01-01', '2025-12-13 03:56:41', '2025-12-13 03:56:41'),
('S095', 'User S095', 'S095@gmail.com', '123', 'siswa', 'P', '088033702319', '2012-01-01', '2025-12-13 03:56:41', '2025-12-13 03:56:41'),
('S096', 'User S096', 'S096@gmail.com', '123', 'siswa', 'P', '082889238423', '2009-01-01', '2025-12-13 03:56:41', '2025-12-13 03:56:41'),
('S097', 'User S097', 'S097@gmail.com', '123', 'siswa', 'P', '083319936135', '2007-01-01', '2025-12-13 03:56:41', '2025-12-13 03:56:41'),
('S098', 'User S098', 'S098@gmail.com', '123', 'siswa', 'P', '083980491761', '2008-01-01', '2025-12-13 03:56:41', '2025-12-13 03:56:41'),
('S099', 'User S099', 'S099@gmail.com', '123', 'siswa', 'P', '087296096954', '2005-01-01', '2025-12-13 03:56:41', '2025-12-13 03:56:41'),
('S100', 'User S100', 'S100@gmail.com', '123', 'siswa', 'P', '083987248494', '2011-01-01', '2025-12-13 03:56:41', '2025-12-13 03:56:41'),
('S101', 'User S101', 'S101@gmail.com', '123', 'siswa', 'P', '088884394611', '2008-01-01', '2025-12-13 03:56:41', '2025-12-13 03:56:41'),
('S102', 'User S102', 'S102@gmail.com', '123', 'siswa', 'P', '087166868574', '2005-01-01', '2025-12-13 03:56:41', '2025-12-13 03:56:41'),
('S103', 'User S103', 'S103@gmail.com', '123', 'siswa', 'P', '084110335359', '2012-01-01', '2025-12-13 03:56:41', '2025-12-13 03:56:41'),
('S104', 'User S104', 'S104@gmail.com', '123', 'siswa', 'L', '089190197115', '2005-01-01', '2025-12-13 03:56:41', '2025-12-13 03:56:41'),
('S105', 'User S105', 'S105@gmail.com', '123', 'siswa', 'P', '082982979741', '2005-01-01', '2025-12-13 03:56:41', '2025-12-13 03:56:41'),
('S106', 'User S106', 'S106@gmail.com', '123', 'siswa', 'P', '086204041308', '2010-01-01', '2025-12-13 03:56:41', '2025-12-13 03:56:41'),
('S107', 'User S107', 'S107@gmail.com', '123', 'siswa', 'P', '088868054898', '2009-01-01', '2025-12-13 03:56:41', '2025-12-13 03:56:41'),
('S108', 'User S108', 'S108@gmail.com', '123', 'siswa', 'L', '089383431259', '2008-01-01', '2025-12-13 03:56:41', '2025-12-13 03:56:41'),
('S109', 'User S109', 'S109@gmail.com', '123', 'siswa', 'L', '084239406957', '2008-01-01', '2025-12-13 03:56:41', '2025-12-13 03:56:41'),
('S110', 'User S110', 'S110@gmail.com', '123', 'siswa', 'L', '082024542722', '2012-01-01', '2025-12-13 03:56:41', '2025-12-13 03:56:41'),
('S111', 'User S111', 'S111@gmail.com', '123', 'siswa', 'L', '082584392711', '2006-01-01', '2025-12-13 03:56:41', '2025-12-13 03:56:41'),
('S112', 'User S112', 'S112@gmail.com', '123', 'siswa', 'L', '083485432021', '2009-01-01', '2025-12-13 03:56:41', '2025-12-13 03:56:41'),
('S113', 'User S113', 'S113@gmail.com', '123', 'siswa', 'P', '084070964768', '2006-01-01', '2025-12-13 03:56:41', '2025-12-13 03:56:41'),
('S114', 'User S114', 'S114@gmail.com', '123', 'siswa', 'L', '088612747444', '2006-01-01', '2025-12-13 03:56:41', '2025-12-13 03:56:41'),
('S115', 'User S115', 'S115@gmail.com', '123', 'siswa', 'P', '087583090712', '2010-01-01', '2025-12-13 03:56:41', '2025-12-13 03:56:41'),
('S116', 'User S116', 'S116@gmail.com', '123', 'siswa', 'P', '083105400301', '2011-01-01', '2025-12-13 03:56:41', '2025-12-13 03:56:41'),
('S117', 'User S117', 'S117@gmail.com', '123', 'siswa', 'P', '084037867512', '2011-01-01', '2025-12-13 03:56:41', '2025-12-13 03:56:41'),
('S118', 'User S118', 'S118@gmail.com', '123', 'siswa', 'P', '088622026979', '2012-01-01', '2025-12-13 03:56:41', '2025-12-13 03:56:41'),
('S119', 'User S119', 'S119@gmail.com', '123', 'siswa', 'P', '085014170428', '2009-01-01', '2025-12-13 03:56:41', '2025-12-13 03:56:41'),
('S120', 'User S120', 'S120@gmail.com', '123', 'siswa', 'P', '088164814926', '2010-01-01', '2025-12-13 03:56:41', '2025-12-13 03:56:41'),
('S121', 'User S121', 'S121@gmail.com', '123', 'siswa', 'P', '086075963527', '2008-01-01', '2025-12-13 03:56:41', '2025-12-13 03:56:41'),
('S122', 'User S122', 'S122@gmail.com', '123', 'siswa', 'P', '089074999565', '2005-01-01', '2025-12-13 03:56:41', '2025-12-13 03:56:41'),
('S123', 'User S123', 'S123@gmail.com', '123', 'siswa', 'L', '087040562787', '2008-01-01', '2025-12-13 03:56:41', '2025-12-13 03:56:41'),
('S124', 'User S124', 'S124@gmail.com', '123', 'siswa', 'P', '081074059253', '2009-01-01', '2025-12-13 03:56:41', '2025-12-13 03:56:41'),
('S125', 'User S125', 'S125@gmail.com', '123', 'siswa', 'L', '087792729530', '2012-01-01', '2025-12-13 03:56:41', '2025-12-13 03:56:41'),
('S126', 'User S126', 'S126@gmail.com', '123', 'siswa', 'P', '086715705115', '2012-01-01', '2025-12-13 03:56:41', '2025-12-13 03:56:41'),
('S127', 'User S127', 'S127@gmail.com', '123', 'siswa', 'P', '081990153355', '2008-01-01', '2025-12-13 03:56:41', '2025-12-13 03:56:41'),
('S128', 'User S128', 'S128@gmail.com', '123', 'siswa', 'L', '081822662216', '2012-01-01', '2025-12-13 03:56:41', '2025-12-13 03:56:41'),
('S129', 'User S129', 'S129@gmail.com', '123', 'siswa', 'P', '085211261115', '2008-01-01', '2025-12-13 03:56:41', '2025-12-13 03:56:41'),
('S130', 'User S130', 'S130@gmail.com', '123', 'siswa', 'P', '086065662867', '2005-01-01', '2025-12-13 03:56:41', '2025-12-13 03:56:41'),
('S131', 'User S131', 'S131@gmail.com', '123', 'siswa', 'L', '082178158203', '2005-01-01', '2025-12-13 03:56:41', '2025-12-13 03:56:41'),
('S132', 'User S132', 'S132@gmail.com', '123', 'siswa', 'L', '088528185058', '2006-01-01', '2025-12-13 03:56:41', '2025-12-13 03:56:41'),
('S133', 'User S133', 'S133@gmail.com', '123', 'siswa', 'P', '087311011808', '2012-01-01', '2025-12-13 03:56:41', '2025-12-13 03:56:41'),
('S134', 'User S134', 'S134@gmail.com', '123', 'siswa', 'L', '088996039244', '2006-01-01', '2025-12-13 03:56:41', '2025-12-13 03:56:41'),
('S135', 'User S135', 'S135@gmail.com', '123', 'siswa', 'P', '089908115095', '2005-01-01', '2025-12-13 03:56:41', '2025-12-13 03:56:41'),
('S136', 'User S136', 'S136@gmail.com', '123', 'siswa', 'P', '082065972034', '2011-01-01', '2025-12-13 03:56:41', '2025-12-13 03:56:41'),
('S137', 'User S137', 'S137@gmail.com', '123', 'siswa', 'L', '086928678489', '2012-01-01', '2025-12-13 03:56:41', '2025-12-13 03:56:41'),
('S138', 'User S138', 'S138@gmail.com', '123', 'siswa', 'P', '083667292043', '2006-01-01', '2025-12-13 03:56:41', '2025-12-13 03:56:41'),
('S139', 'User S139', 'S139@gmail.com', '123', 'siswa', 'L', '081348697524', '2008-01-01', '2025-12-13 03:56:41', '2025-12-13 03:56:41'),
('S140', 'User S140', 'S140@gmail.com', '123', 'siswa', 'L', '081672302490', '2011-01-01', '2025-12-13 03:56:41', '2025-12-13 03:56:41'),
('S141', 'User S141', 'S141@gmail.com', '123', 'siswa', 'P', '082250949136', '2008-01-01', '2025-12-13 03:56:41', '2025-12-13 03:56:41'),
('S142', 'User S142', 'S142@gmail.com', '123', 'siswa', 'P', '082950049698', '2008-01-01', '2025-12-13 03:56:41', '2025-12-13 03:56:41'),
('S143', 'User S143', 'S143@gmail.com', '123', 'siswa', 'L', '082825957977', '2008-01-01', '2025-12-13 03:56:41', '2025-12-13 03:56:41'),
('S144', 'User S144', 'S144@gmail.com', '123', 'siswa', 'P', '084550353803', '2006-01-01', '2025-12-13 03:56:41', '2025-12-13 03:56:41'),
('S145', 'User S145', 'S145@gmail.com', '123', 'siswa', 'P', '089251459094', '2012-01-01', '2025-12-13 03:56:41', '2025-12-13 03:56:41'),
('S146', 'User S146', 'S146@gmail.com', '123', 'siswa', 'P', '088300300577', '2009-01-01', '2025-12-13 03:56:41', '2025-12-13 03:56:41'),
('S147', 'User S147', 'S147@gmail.com', '123', 'siswa', 'P', '082880160025', '2005-01-01', '2025-12-13 03:56:41', '2025-12-13 03:56:41'),
('S148', 'User S148', 'S148@gmail.com', '123', 'siswa', 'P', '087887897660', '2005-01-01', '2025-12-13 03:56:41', '2025-12-13 03:56:41'),
('S149', 'User S149', 'S149@gmail.com', '123', 'siswa', 'L', '084248149900', '2012-01-01', '2025-12-13 03:56:41', '2025-12-13 03:56:41'),
('S150', 'User S150', 'S150@gmail.com', '123', 'siswa', 'P', '089229469952', '2007-01-01', '2025-12-13 03:56:41', '2025-12-13 03:56:41'),
('S151', 'User S151', 'S151@gmail.com', '123', 'siswa', 'P', '085162060546', '2012-01-01', '2025-12-13 03:56:41', '2025-12-13 03:56:41'),
('S152', 'User S152', 'S152@gmail.com', '123', 'siswa', 'P', '085985704790', '2011-01-01', '2025-12-13 03:56:41', '2025-12-13 03:56:41'),
('S153', 'User S153', 'S153@gmail.com', '123', 'siswa', 'P', '085452580287', '2006-01-01', '2025-12-13 03:56:41', '2025-12-13 03:56:41'),
('S154', 'User S154', 'S154@gmail.com', '123', 'siswa', 'P', '088613035386', '2005-01-01', '2025-12-13 03:56:41', '2025-12-13 03:56:41'),
('S155', 'User S155', 'S155@gmail.com', '123', 'siswa', 'P', '082774884818', '2008-01-01', '2025-12-13 03:56:41', '2025-12-13 03:56:41'),
('S156', 'User S156', 'S156@gmail.com', '123', 'siswa', 'P', '087981077394', '2005-01-01', '2025-12-13 03:56:41', '2025-12-13 03:56:41'),
('S157', 'User S157', 'S157@gmail.com', '123', 'siswa', 'L', '089279291478', '2012-01-01', '2025-12-13 03:56:41', '2025-12-13 03:56:41'),
('S158', 'User S158', 'S158@gmail.com', '123', 'siswa', 'L', '084433026356', '2007-01-01', '2025-12-13 03:56:41', '2025-12-13 03:56:41'),
('S159', 'User S159', 'S159@gmail.com', '123', 'siswa', 'L', '087666869046', '2006-01-01', '2025-12-13 03:56:41', '2025-12-13 03:56:41'),
('S160', 'User S160', 'S160@gmail.com', '123', 'siswa', 'P', '085067594934', '2007-01-01', '2025-12-13 03:56:41', '2025-12-13 03:56:41'),
('S161', 'User S161', 'S161@gmail.com', '123', 'siswa', 'P', '086469318275', '2012-01-01', '2025-12-13 03:56:41', '2025-12-13 03:56:41'),
('S162', 'User S162', 'S162@gmail.com', '123', 'siswa', 'P', '083367665472', '2011-01-01', '2025-12-13 03:56:41', '2025-12-13 03:56:41'),
('S163', 'User S163', 'S163@gmail.com', '123', 'siswa', 'L', '084710967433', '2009-01-01', '2025-12-13 03:56:41', '2025-12-13 03:56:41'),
('S164', 'User S164', 'S164@gmail.com', '123', 'siswa', 'P', '084524233168', '2009-01-01', '2025-12-13 03:56:41', '2025-12-13 03:56:41'),
('S165', 'User S165', 'S165@gmail.com', '123', 'siswa', 'P', '084716265973', '2012-01-01', '2025-12-13 03:56:41', '2025-12-13 03:56:41'),
('S166', 'User S166', 'S166@gmail.com', '123', 'siswa', 'P', '086915072151', '2010-01-01', '2025-12-13 03:56:41', '2025-12-13 03:56:41'),
('S167', 'User S167', 'S167@gmail.com', '123', 'siswa', 'L', '087750819485', '2008-01-01', '2025-12-13 03:56:41', '2025-12-13 03:56:41'),
('S168', 'User S168', 'S168@gmail.com', '123', 'siswa', 'P', '088493451569', '2011-01-01', '2025-12-13 03:56:41', '2025-12-13 03:56:41'),
('S169', 'User S169', 'S169@gmail.com', '123', 'siswa', 'L', '081158998032', '2010-01-01', '2025-12-13 03:56:41', '2025-12-13 03:56:41'),
('S170', 'User S170', 'S170@gmail.com', '123', 'siswa', 'L', '082962491159', '2007-01-01', '2025-12-13 03:56:41', '2025-12-13 03:56:41'),
('S171', 'User S171', 'S171@gmail.com', '123', 'siswa', 'L', '085616352188', '2009-01-01', '2025-12-13 03:56:41', '2025-12-13 03:56:41'),
('S172', 'User S172', 'S172@gmail.com', '123', 'siswa', 'P', '083791027186', '2010-01-01', '2025-12-13 03:56:41', '2025-12-13 03:56:41'),
('S173', 'User S173', 'S173@gmail.com', '123', 'siswa', 'P', '089392965643', '2012-01-01', '2025-12-13 03:56:41', '2025-12-13 03:56:41'),
('S174', 'User S174', 'S174@gmail.com', '123', 'siswa', 'L', '085683143581', '2006-01-01', '2025-12-13 03:56:41', '2025-12-13 03:56:41'),
('S175', 'User S175', 'S175@gmail.com', '123', 'siswa', 'L', '082905584866', '2009-01-01', '2025-12-13 03:56:41', '2025-12-13 03:56:41'),
('S176', 'User S176', 'S176@gmail.com', '123', 'siswa', 'P', '084419410162', '2009-01-01', '2025-12-13 03:56:41', '2025-12-13 03:56:41'),
('S177', 'User S177', 'S177@gmail.com', '123', 'siswa', 'P', '081625217504', '2011-01-01', '2025-12-13 03:56:41', '2025-12-13 03:56:41'),
('S178', 'User S178', 'S178@gmail.com', '123', 'siswa', 'L', '081730074215', '2006-01-01', '2025-12-13 03:56:41', '2025-12-13 03:56:41'),
('S179', 'User S179', 'S179@gmail.com', '123', 'siswa', 'L', '083504640817', '2008-01-01', '2025-12-13 03:56:41', '2025-12-13 03:56:41'),
('S180', 'User S180', 'S180@gmail.com', '123', 'siswa', 'P', '087268807553', '2005-01-01', '2025-12-13 03:56:41', '2025-12-13 03:56:41'),
('S181', 'User S181', 'S181@gmail.com', '123', 'siswa', 'L', '085612201744', '2010-01-01', '2025-12-13 03:56:41', '2025-12-13 03:56:41'),
('S182', 'User S182', 'S182@gmail.com', '123', 'siswa', 'P', '088259841263', '2012-01-01', '2025-12-13 03:56:41', '2025-12-13 03:56:41'),
('S183', 'User S183', 'S183@gmail.com', '123', 'siswa', 'P', '088960015186', '2006-01-01', '2025-12-13 03:56:41', '2025-12-13 03:56:41'),
('S184', 'User S184', 'S184@gmail.com', '123', 'siswa', 'P', '087763765757', '2009-01-01', '2025-12-13 03:56:41', '2025-12-13 03:56:41'),
('S185', 'User S185', 'S185@gmail.com', '123', 'siswa', 'P', '082178884276', '2005-01-01', '2025-12-13 03:56:41', '2025-12-13 03:56:41'),
('S186', 'User S186', 'S186@gmail.com', '123', 'siswa', 'P', '089173043235', '2008-01-01', '2025-12-13 03:56:41', '2025-12-13 03:56:41'),
('S187', 'User S187', 'S187@gmail.com', '123', 'siswa', 'L', '083734252963', '2009-01-01', '2025-12-13 03:56:41', '2025-12-13 03:56:41'),
('S188', 'User S188', 'S188@gmail.com', '123', 'siswa', 'L', '083698305085', '2005-01-01', '2025-12-13 03:56:41', '2025-12-13 03:56:41'),
('S189', 'User S189', 'S189@gmail.com', '123', 'siswa', 'L', '087784217828', '2007-01-01', '2025-12-13 03:56:41', '2025-12-13 03:56:41'),
('S190', 'User S190', 'S190@gmail.com', '123', 'siswa', 'P', '088505373158', '2007-01-01', '2025-12-13 03:56:41', '2025-12-13 03:56:41'),
('S191', 'User S191', 'S191@gmail.com', '123', 'siswa', 'P', '089218363978', '2007-01-01', '2025-12-13 03:56:41', '2025-12-13 03:56:41'),
('S192', 'User S192', 'S192@gmail.com', '123', 'siswa', 'P', '085789617427', '2006-01-01', '2025-12-13 03:56:41', '2025-12-13 03:56:41'),
('S193', 'User S193', 'S193@gmail.com', '123', 'siswa', 'P', '082570991899', '2011-01-01', '2025-12-13 03:56:41', '2025-12-13 03:56:41'),
('S194', 'User S194', 'S194@gmail.com', '123', 'siswa', 'L', '087248258423', '2009-01-01', '2025-12-13 03:56:41', '2025-12-13 03:56:41'),
('S195', 'User S195', 'S195@gmail.com', '123', 'siswa', 'P', '086299224734', '2005-01-01', '2025-12-13 03:56:41', '2025-12-13 03:56:41'),
('S196', 'User S196', 'S196@gmail.com', '123', 'siswa', 'P', '089861449701', '2012-01-01', '2025-12-13 03:56:41', '2025-12-13 03:56:41'),
('S197', 'User S197', 'S197@gmail.com', '123', 'siswa', 'P', '081501119337', '2005-01-01', '2025-12-13 03:56:41', '2025-12-13 03:56:41'),
('S198', 'User S198', 'S198@gmail.com', '123', 'siswa', 'P', '081498733671', '2008-01-01', '2025-12-13 03:56:41', '2025-12-13 03:56:41'),
('S199', 'User S199', 'S199@gmail.com', '123', 'siswa', 'P', '087243352390', '2011-01-01', '2025-12-13 03:56:41', '2025-12-13 03:56:41'),
('S200', 'User S200', 'S200@gmail.com', '123', 'siswa', 'L', '089097790557', '2006-01-01', '2025-12-13 03:56:41', '2025-12-13 03:56:41'),
('S201', 'User S201', 'S201@gmail.com', '123', 'siswa', 'P', '082201474778', '2010-01-01', '2025-12-13 03:56:41', '2025-12-13 03:56:41'),
('S202', 'User S202', 'S202@gmail.com', '123', 'siswa', 'P', '085082603360', '2010-01-01', '2025-12-13 03:56:41', '2025-12-13 03:56:41'),
('S203', 'User S203', 'S203@gmail.com', '123', 'siswa', 'P', '082540492440', '2011-01-01', '2025-12-13 03:56:41', '2025-12-13 03:56:41'),
('S204', 'User S204', 'S204@gmail.com', '123', 'siswa', 'L', '088834841054', '2006-01-01', '2025-12-13 03:56:41', '2025-12-13 03:56:41'),
('S205', 'User S205', 'S205@gmail.com', '123', 'siswa', 'L', '082432410914', '2007-01-01', '2025-12-13 03:56:41', '2025-12-13 03:56:41'),
('S206', 'User S206', 'S206@gmail.com', '123', 'siswa', 'L', '083380304322', '2008-01-01', '2025-12-13 03:56:41', '2025-12-13 03:56:41'),
('T001', 'Maulana', 'abcde@gmail.com', '$2y$12$.UKsa/KrzS5IlNgrak8XaOkLjhNPtjwWaXVslGk4FnH.ahYL29kt.', 'tutor', 'L', '123', '2025-09-01', '2025-09-22 09:03:38', '2025-10-05 21:30:13'),
('T002', 'Budi Santoso', 'budi.mtk.sd@studybuddy.com', '123', 'tutor', 'L', '083100000001', '1993-02-10', '2025-10-05 12:56:33', '2025-10-05 12:56:33'),
('T003', 'Siti Rahmawati', 'siti.mtk.smp@studybuddy.com', '123', 'tutor', 'P', '083100000002', '1994-06-25', '2025-10-05 12:56:33', '2025-10-05 12:56:33'),
('T004', 'Andi Kurniawan', 'andi.mtk.sma@studybuddy.com', '$2y$12$XwtPpWqMYZ0MW9537qnk4.I3tuIkWgee9t4X5XhUNGBGTOZlmX/0C', 'tutor', 'L', '083100000003', '1992-08-18', '2025-10-05 12:56:33', '2025-10-06 03:42:55'),
('T005', 'Dewi Lestari', 'dewi.bindo.sd@studybuddy.com', '123', 'tutor', 'P', '083100000004', '1991-11-30', '2025-10-05 12:56:33', '2025-10-05 12:56:33'),
('T006', 'Hendra Wijaya', 'hendra.bindo.smp@studybuddy.com', '123', 'tutor', 'L', '083100000005', '1990-05-12', '2025-10-05 12:56:33', '2025-10-05 12:56:33'),
('T007', 'Maya Sari', 'maya.bindo.sma@studybuddy.com', '123', 'tutor', 'P', '083100000006', '1995-09-07', '2025-10-05 12:56:33', '2025-10-05 12:56:33'),
('T008', 'Farhan Alwi', 'farhan.bing.sd@studybuddy.com', '123', 'tutor', 'L', '083100000007', '1996-03-14', '2025-10-05 12:56:33', '2025-10-05 12:56:33'),
('T009', 'Intan Permata', 'intan.bing.smp@studybuddy.com', '123', 'tutor', 'P', '083100000008', '1994-07-21', '2025-10-05 12:56:33', '2025-10-05 12:56:33'),
('T010', 'Rizky Maulana', 'rizky.bing.sma@studybuddy.com', '123', 'tutor', 'L', '083100000009', '1992-01-05', '2025-10-05 12:56:33', '2025-10-05 12:56:33'),
('T011', 'Lina Marlina', 'lina.ipa.sd@studybuddy.com', '123', 'tutor', 'P', '083100000010', '1993-04-27', '2025-10-05 12:56:33', '2025-10-05 12:56:33'),
('T012', 'Yusuf Hidayat', 'yusuf.ipa.smp@studybuddy.com', '123', 'tutor', 'L', '083100000011', '1990-08-16', '2025-10-05 12:56:33', '2025-10-05 12:56:33'),
('T013', 'Nadia Fitriani', 'nadia.biologi.sma@studybuddy.com', '123', 'tutor', 'P', '083100000012', '1991-02-02', '2025-10-05 12:56:33', '2025-10-05 12:56:33'),
('T014', 'Arif Gunawan', 'arif.fisika.sma@studybuddy.com', '123', 'tutor', 'L', '083100000013', '1989-12-19', '2025-10-05 12:56:33', '2025-10-05 12:56:33'),
('T015', 'Tika Anggraini', 'tika.kimia.sma@studybuddy.com', '123', 'tutor', 'P', '083100000014', '1995-10-08', '2025-10-05 12:56:33', '2025-10-05 12:56:33'),
('T016', 'Dian Saputra', 'dian.ips.sd@studybuddy.com', '123', 'tutor', 'L', '083100000015', '1993-06-23', '2025-10-05 12:56:33', '2025-10-05 12:56:33'),
('T017', 'Rani Amelia', 'rani.ips.smp@studybuddy.com', '123', 'tutor', 'P', '083100000016', '1996-05-04', '2025-10-05 12:56:33', '2025-10-05 12:56:33'),
('T018', 'Galih Prakoso', 'galih.sejarah.sma@studybuddy.com', '123', 'tutor', 'L', '083100000017', '1992-03-29', '2025-10-05 12:56:33', '2025-10-05 12:56:33'),
('T019', 'Novi Andriani', 'novi.ekonomi.sma@studybuddy.com', '123', 'tutor', 'P', '083100000018', '1991-07-17', '2025-10-05 12:56:33', '2025-10-05 12:56:33'),
('T020', 'Fajar Nugraha', 'fajar.geografi.sma@studybuddy.com', '123', 'tutor', 'L', '083100000019', '1990-10-11', '2025-10-05 12:56:33', '2025-10-05 12:56:33'),
('T021', 'Putri Handayani', 'putri.sosiologi.sma@studybuddy.com', '123', 'tutor', 'P', '083100000020', '1994-11-22', '2025-10-05 12:56:33', '2025-10-05 12:56:33'),
('T022', 'Rudi Firmansyah', 'rudi.informatika.sma@studybuddy.com', '123', 'tutor', 'L', '083100000021', '1993-01-28', '2025-10-05 12:56:33', '2025-10-05 12:56:33'),
('T023', 'Selvi Oktaviani', 'selvi.ipas.sma@studybuddy.com', '123', 'tutor', 'P', '083100000022', '1995-09-15', '2025-10-05 12:56:33', '2025-10-05 12:56:33'),
('T024', 'Soke Bahtera', 'sokebahtera@gmail.com', '$2y$12$peiXeQwjgJjSuK8N7qvGsO0mdAh47KEhCrw0xHpHVInjkM5C2GtnO', 'tutor', 'L', NULL, NULL, '2025-10-05 17:49:07', '2025-10-05 17:49:07'),
('T025', 'Azka Saqila', 'azkasaqila@gmail.com', '$2y$12$j7UosDC4GbR.fQAWaxb8guRNVwJPZmIohvBlv3Qo3UhXzn1gr0eF6', 'tutor', 'L', NULL, NULL, '2025-10-07 11:31:15', '2025-10-07 11:31:15'),
('T026', 'Robert', 'robert@unair', '$2y$12$voDfbmHTvd4ktHLAUBawlenpiKIE5L9YByvxa1/.MXiuWcfbOcbha', 'tutor', 'L', NULL, NULL, '2025-10-07 11:39:45', '2025-10-07 11:39:45'),
('T027', 'Julaiha', 'julaiha56@gmail.com', '$2y$12$ImdxtzVSRGlAtTmwLBzxDuDZerSUuHfRll3bXLylFYLe1mXwESXq.', 'tutor', 'L', NULL, NULL, '2025-10-07 11:44:43', '2025-10-07 11:44:43'),
('T028', 'Nayla Fatihah', 'naylafatihah@gmail.com', '$2y$12$gB11qRD/m8SiSDUbt2cDzObrHkgl2fh1ujE6qdbNpAU3yORrtM9uq', 'tutor', 'P', '124012591', '2024-02-15', '2025-10-07 12:09:08', '2025-10-07 12:18:25'),
('T029', 'Panjul', 'panjul@gmail', '$2y$12$oLYp1sRFxQOHVHua/m0na.Mn8J7mIm9KZkzifYuwtMAcNF9cE5GuS', 'tutor', 'L', '1421151524', '2025-10-03', '2025-10-07 12:51:33', '2025-10-07 14:49:16'),
('T030', 'Ruzza', 'ruzza@gmail.com', '$2y$12$DdEsdDVv4XP5qZ/L5VoZNeGpovQBta8Obx9RwZlb.nAhC7aQXX5YS', 'tutor', 'L', NULL, NULL, '2025-10-07 14:40:56', '2025-10-07 14:40:56'),
('T031', 'User T031', 'T031@gmail.com', '123', 'tutor', 'L', '085307145891', '1998-01-01', '2025-12-13 03:56:41', '2025-12-13 03:56:41'),
('T032', 'User T032', 'T032@gmail.com', '123', 'tutor', 'L', '085241397494', '1993-01-01', '2025-12-13 03:56:41', '2025-12-13 03:56:41'),
('T033', 'User T033', 'T033@gmail.com', '123', 'tutor', 'P', '084429590757', '1986-01-01', '2025-12-13 03:56:41', '2025-12-13 03:56:41'),
('T034', 'User T034', 'T034@gmail.com', '123', 'tutor', 'L', '081566090561', '1990-01-01', '2025-12-13 03:56:41', '2025-12-13 03:56:41'),
('T035', 'User T035', 'T035@gmail.com', '123', 'tutor', 'L', '087824071339', '1985-01-01', '2025-12-13 03:56:41', '2025-12-13 03:56:41'),
('T036', 'User T036', 'T036@gmail.com', '123', 'tutor', 'L', '082139744790', '1987-01-01', '2025-12-13 03:56:41', '2025-12-13 03:56:41'),
('T037', 'User T037', 'T037@gmail.com', '123', 'tutor', 'P', '083259520140', '1996-01-01', '2025-12-13 03:56:41', '2025-12-13 03:56:41'),
('T038', 'User T038', 'T038@gmail.com', '123', 'tutor', 'L', '087340428136', '1997-01-01', '2025-12-13 03:56:41', '2025-12-13 03:56:41'),
('T039', 'User T039', 'T039@gmail.com', '123', 'tutor', 'P', '085763350700', '1993-01-01', '2025-12-13 03:56:41', '2025-12-13 03:56:41'),
('T040', 'User T040', 'T040@gmail.com', '123', 'tutor', 'L', '089776185998', '1997-01-01', '2025-12-13 03:56:41', '2025-12-13 03:56:41'),
('T041', 'User T041', 'T041@gmail.com', '123', 'tutor', 'P', '085140460939', '1985-01-01', '2025-12-13 03:56:41', '2025-12-13 03:56:41'),
('T042', 'User T042', 'T042@gmail.com', '123', 'tutor', 'P', '088934086843', '1991-01-01', '2025-12-13 03:56:41', '2025-12-13 03:56:41'),
('T043', 'User T043', 'T043@gmail.com', '123', 'tutor', 'L', '089202102595', '1986-01-01', '2025-12-13 03:56:41', '2025-12-13 03:56:41'),
('T044', 'User T044', 'T044@gmail.com', '123', 'tutor', 'L', '081637088959', '1987-01-01', '2025-12-13 03:56:41', '2025-12-13 03:56:41'),
('T045', 'User T045', 'T045@gmail.com', '123', 'tutor', 'P', '088353640266', '1991-01-01', '2025-12-13 03:56:41', '2025-12-13 03:56:41'),
('T046', 'User T046', 'T046@gmail.com', '123', 'tutor', 'P', '087895255573', '1986-01-01', '2025-12-13 03:56:41', '2025-12-13 03:56:41'),
('T047', 'User T047', 'T047@gmail.com', '123', 'tutor', 'L', '086218484323', '1992-01-01', '2025-12-13 03:56:41', '2025-12-13 03:56:41'),
('T048', 'User T048', 'T048@gmail.com', '123', 'tutor', 'L', '087072283057', '1998-01-01', '2025-12-13 03:56:41', '2025-12-13 03:56:41'),
('T049', 'User T049', 'T049@gmail.com', '123', 'tutor', 'P', '087007500393', '1996-01-01', '2025-12-13 03:56:41', '2025-12-13 03:56:41'),
('T050', 'User T050', 'T050@gmail.com', '123', 'tutor', 'L', '086637352245', '1990-01-01', '2025-12-13 03:56:41', '2025-12-13 03:56:41'),
('T051', 'User T051', 'T051@gmail.com', '123', 'tutor', 'P', '089259157845', '1986-01-01', '2025-12-13 03:56:41', '2025-12-13 03:56:41'),
('T052', 'User T052', 'T052@gmail.com', '123', 'tutor', 'L', '084572433066', '1986-01-01', '2025-12-13 03:56:41', '2025-12-13 03:56:41'),
('T053', 'User T053', 'T053@gmail.com', '123', 'tutor', 'P', '088468071953', '1997-01-01', '2025-12-13 03:56:41', '2025-12-13 03:56:41'),
('T054', 'User T054', 'T054@gmail.com', '123', 'tutor', 'L', '083389594115', '1994-01-01', '2025-12-13 03:56:41', '2025-12-13 03:56:41'),
('T055', 'User T055', 'T055@gmail.com', '123', 'tutor', 'P', '083877685081', '1991-01-01', '2025-12-13 03:56:41', '2025-12-13 03:56:41'),
('T056', 'User T056', 'T056@gmail.com', '123', 'tutor', 'P', '086636925105', '1986-01-01', '2025-12-13 03:56:41', '2025-12-13 03:56:41'),
('T057', 'User T057', 'T057@gmail.com', '123', 'tutor', 'L', '083070987704', '1998-01-01', '2025-12-13 03:56:41', '2025-12-13 03:56:41'),
('T058', 'User T058', 'T058@gmail.com', '123', 'tutor', 'L', '087684109313', '1986-01-01', '2025-12-13 03:56:41', '2025-12-13 03:56:41'),
('T059', 'User T059', 'T059@gmail.com', '123', 'tutor', 'P', '083465740756', '1997-01-01', '2025-12-13 03:56:41', '2025-12-13 03:56:41'),
('T060', 'User T060', 'T060@gmail.com', '123', 'tutor', 'P', '089702693937', '1995-01-01', '2025-12-13 03:56:41', '2025-12-13 03:56:41'),
('T061', 'User T061', 'T061@gmail.com', '123', 'tutor', 'P', '081124352982', '1989-01-01', '2025-12-13 03:56:41', '2025-12-13 03:56:41'),
('T062', 'User T062', 'T062@gmail.com', '123', 'tutor', 'P', '089252940807', '1990-01-01', '2025-12-13 03:56:41', '2025-12-13 03:56:41'),
('T063', 'User T063', 'T063@gmail.com', '123', 'tutor', 'L', '088118240999', '1986-01-01', '2025-12-13 03:56:41', '2025-12-13 03:56:41'),
('T064', 'User T064', 'T064@gmail.com', '123', 'tutor', 'L', '085173893550', '1986-01-01', '2025-12-13 03:56:41', '2025-12-13 03:56:41'),
('T065', 'User T065', 'T065@gmail.com', '123', 'tutor', 'L', '086910709963', '1992-01-01', '2025-12-13 03:56:41', '2025-12-13 03:56:41'),
('T066', 'User T066', 'T066@gmail.com', '123', 'tutor', 'P', '085971034978', '1989-01-01', '2025-12-13 03:56:41', '2025-12-13 03:56:41'),
('T067', 'User T067', 'T067@gmail.com', '123', 'tutor', 'P', '081225953184', '1987-01-01', '2025-12-13 03:56:41', '2025-12-13 03:56:41'),
('T068', 'User T068', 'T068@gmail.com', '123', 'tutor', 'L', '083894673596', '1989-01-01', '2025-12-13 03:56:41', '2025-12-13 03:56:41'),
('T069', 'User T069', 'T069@gmail.com', '123', 'tutor', 'P', '088137972345', '1992-01-01', '2025-12-13 03:56:41', '2025-12-13 03:56:41'),
('T070', 'User T070', 'T070@gmail.com', '123', 'tutor', 'P', '087073872915', '1988-01-01', '2025-12-13 03:56:41', '2025-12-13 03:56:41'),
('T071', 'User T071', 'T071@gmail.com', '123', 'tutor', 'L', '086777473414', '1986-01-01', '2025-12-13 03:56:41', '2025-12-13 03:56:41'),
('T072', 'User T072', 'T072@gmail.com', '123', 'tutor', 'P', '087842459488', '1993-01-01', '2025-12-13 03:56:41', '2025-12-13 03:56:41'),
('T073', 'User T073', 'T073@gmail.com', '123', 'tutor', 'P', '081195066088', '1991-01-01', '2025-12-13 03:56:41', '2025-12-13 03:56:41'),
('T074', 'User T074', 'T074@gmail.com', '123', 'tutor', 'L', '081033015788', '1989-01-01', '2025-12-13 03:56:41', '2025-12-13 03:56:41'),
('T075', 'User T075', 'T075@gmail.com', '123', 'tutor', 'L', '084295741120', '1997-01-01', '2025-12-13 03:56:41', '2025-12-13 03:56:41'),
('T076', 'User T076', 'T076@gmail.com', '123', 'tutor', 'P', '086538133249', '1986-01-01', '2025-12-13 03:56:41', '2025-12-13 03:56:41'),
('T077', 'User T077', 'T077@gmail.com', '123', 'tutor', 'L', '082849649210', '1987-01-01', '2025-12-13 03:56:41', '2025-12-13 03:56:41'),
('T078', 'User T078', 'T078@gmail.com', '123', 'tutor', 'P', '082521136431', '1991-01-01', '2025-12-13 03:56:41', '2025-12-13 03:56:41'),
('T079', 'User T079', 'T079@gmail.com', '123', 'tutor', 'L', '082873548915', '1992-01-01', '2025-12-13 03:56:41', '2025-12-13 03:56:41'),
('T080', 'User T080', 'T080@gmail.com', '123', 'tutor', 'L', '088997701619', '1994-01-01', '2025-12-13 03:56:41', '2025-12-13 03:56:41');

--
-- Indexes for dumped tables
--

--
-- Indeks untuk tabel `cache`
--
ALTER TABLE `cache`
  ADD PRIMARY KEY (`key`);

--
-- Indeks untuk tabel `cache_locks`
--
ALTER TABLE `cache_locks`
  ADD PRIMARY KEY (`key`);

--
-- Indeks untuk tabel `failed_jobs`
--
ALTER TABLE `failed_jobs`
  ADD PRIMARY KEY (`id`),
  ADD UNIQUE KEY `failed_jobs_uuid_unique` (`uuid`);

--
-- Indeks untuk tabel `games`
--
ALTER TABLE `games`
  ADD PRIMARY KEY (`id`);

--
-- Indeks untuk tabel `jadwal_sesi`
--
ALTER TABLE `jadwal_sesi`
  ADD PRIMARY KEY (`jadwal_id`);

--
-- Indeks untuk tabel `jobs`
--
ALTER TABLE `jobs`
  ADD PRIMARY KEY (`id`),
  ADD KEY `jobs_queue_index` (`queue`);

--
-- Indeks untuk tabel `job_batches`
--
ALTER TABLE `job_batches`
  ADD PRIMARY KEY (`id`);

--
-- Indeks untuk tabel `kelas`
--
ALTER TABLE `kelas`
  ADD PRIMARY KEY (`kelas_id`,`tutor_id`,`siswa_id`),
  ADD KEY `tutor_id` (`tutor_id`),
  ADD KEY `siswa_id` (`siswa_id`),
  ADD KEY `mapel_id` (`mapel_id`),
  ADD KEY `jadwal_id` (`jadwal_id`);

--
-- Indeks untuk tabel `kelas_kelas`
--
ALTER TABLE `kelas_kelas`
  ADD PRIMARY KEY (`id`),
  ADD KEY `fk_kelaskelas_kelas` (`kelas_id`),
  ADD KEY `fk_kelaskelas_siswa` (`siswa_id`),
  ADD KEY `fk_kelaskelas_tutor` (`tutor_id`);

--
-- Indeks untuk tabel `kelas_pendaftaran`
--
ALTER TABLE `kelas_pendaftaran`
  ADD PRIMARY KEY (`kelas_id`),
  ADD KEY `mapel_id` (`mapel_id`),
  ADD KEY `jadwal_id` (`jadwal_id`);

--
-- Indeks untuk tabel `mapel`
--
ALTER TABLE `mapel`
  ADD PRIMARY KEY (`mapel_id`);

--
-- Indeks untuk tabel `materi`
--
ALTER TABLE `materi`
  ADD PRIMARY KEY (`materi_id`),
  ADD KEY `mapel_id` (`mapel_id`);

--
-- Indeks untuk tabel `migrations`
--
ALTER TABLE `migrations`
  ADD PRIMARY KEY (`id`);

--
-- Indeks untuk tabel `pendaftaran`
--
ALTER TABLE `pendaftaran`
  ADD PRIMARY KEY (`daftar_id`),
  ADD KEY `siswa_id` (`siswa_id`),
  ADD KEY `kelas_id` (`kelas_id`);

--
-- Indeks untuk tabel `review`
--
ALTER TABLE `review`
  ADD PRIMARY KEY (`review_id`),
  ADD KEY `siswa_id` (`siswa_id`),
  ADD KEY `kelas_id` (`kelas_id`);

--
-- Indeks untuk tabel `sessions`
--
ALTER TABLE `sessions`
  ADD PRIMARY KEY (`id`),
  ADD KEY `sessions_user_id_index` (`user_id`),
  ADD KEY `sessions_last_activity_index` (`last_activity`);

--
-- Indeks untuk tabel `siswa`
--
ALTER TABLE `siswa`
  ADD PRIMARY KEY (`user_id`);

--
-- Indeks untuk tabel `transaksi`
--
ALTER TABLE `transaksi`
  ADD PRIMARY KEY (`transaksi_id`),
  ADD KEY `pendaftaran_id` (`pendaftaran_id`);

--
-- Indeks untuk tabel `tutors`
--
ALTER TABLE `tutors`
  ADD PRIMARY KEY (`tutor_id`),
  ADD KEY `fk_tutors_mapel` (`mapel_id`);

--
-- Indeks untuk tabel `tutor_assignments`
--
ALTER TABLE `tutor_assignments`
  ADD PRIMARY KEY (`id`),
  ADD UNIQUE KEY `tutor_assignments_tutor_id_mapel_id_jenjang_unique` (`tutor_id`,`mapel_id`,`jenjang`),
  ADD KEY `tutor_assignments_tutor_id_index` (`tutor_id`),
  ADD KEY `tutor_assignments_mapel_id_index` (`mapel_id`);

--
-- Indeks untuk tabel `tutor_mapel`
--
ALTER TABLE `tutor_mapel`
  ADD PRIMARY KEY (`tutor_id`,`mapel_id`),
  ADD KEY `mapel_id` (`mapel_id`);

--
-- Indeks untuk tabel `users`
--
ALTER TABLE `users`
  ADD PRIMARY KEY (`user_id`),
  ADD UNIQUE KEY `user_id` (`user_id`),
  ADD UNIQUE KEY `email` (`email`);

--
-- AUTO_INCREMENT untuk tabel yang dibuang
--

--
-- AUTO_INCREMENT untuk tabel `failed_jobs`
--
ALTER TABLE `failed_jobs`
  MODIFY `id` bigint(20) UNSIGNED NOT NULL AUTO_INCREMENT;

--
-- AUTO_INCREMENT untuk tabel `games`
--
ALTER TABLE `games`
  MODIFY `id` bigint(20) UNSIGNED NOT NULL AUTO_INCREMENT;

--
-- AUTO_INCREMENT untuk tabel `jadwal_sesi`
--
ALTER TABLE `jadwal_sesi`
  MODIFY `jadwal_id` bigint(20) NOT NULL AUTO_INCREMENT, AUTO_INCREMENT=22;

--
-- AUTO_INCREMENT untuk tabel `jobs`
--
ALTER TABLE `jobs`
  MODIFY `id` bigint(20) UNSIGNED NOT NULL AUTO_INCREMENT;

--
-- AUTO_INCREMENT untuk tabel `kelas_kelas`
--
ALTER TABLE `kelas_kelas`
  MODIFY `id` bigint(20) UNSIGNED NOT NULL AUTO_INCREMENT, AUTO_INCREMENT=151;

--
-- AUTO_INCREMENT untuk tabel `kelas_pendaftaran`
--
ALTER TABLE `kelas_pendaftaran`
  MODIFY `kelas_id` bigint(20) NOT NULL AUTO_INCREMENT, AUTO_INCREMENT=753;

--
-- AUTO_INCREMENT untuk tabel `materi`
--
ALTER TABLE `materi`
  MODIFY `materi_id` bigint(20) NOT NULL AUTO_INCREMENT, AUTO_INCREMENT=123;

--
-- AUTO_INCREMENT untuk tabel `migrations`
--
ALTER TABLE `migrations`
  MODIFY `id` int(10) UNSIGNED NOT NULL AUTO_INCREMENT, AUTO_INCREMENT=8;

--
-- AUTO_INCREMENT untuk tabel `pendaftaran`
--
ALTER TABLE `pendaftaran`
  MODIFY `daftar_id` bigint(20) NOT NULL AUTO_INCREMENT, AUTO_INCREMENT=329;

--
-- AUTO_INCREMENT untuk tabel `review`
--
ALTER TABLE `review`
  MODIFY `review_id` bigint(20) NOT NULL AUTO_INCREMENT;

--
-- AUTO_INCREMENT untuk tabel `transaksi`
--
ALTER TABLE `transaksi`
  MODIFY `transaksi_id` bigint(20) NOT NULL AUTO_INCREMENT, AUTO_INCREMENT=327;

--
-- AUTO_INCREMENT untuk tabel `tutor_assignments`
--
ALTER TABLE `tutor_assignments`
  MODIFY `id` bigint(20) UNSIGNED NOT NULL AUTO_INCREMENT;

--
-- Ketidakleluasaan untuk tabel pelimpahan (Dumped Tables)
--

--
-- Ketidakleluasaan untuk tabel `kelas`
--
ALTER TABLE `kelas`
  ADD CONSTRAINT `kelas_ibfk_1` FOREIGN KEY (`kelas_id`) REFERENCES `kelas_pendaftaran` (`kelas_id`) ON DELETE CASCADE,
  ADD CONSTRAINT `kelas_ibfk_2` FOREIGN KEY (`tutor_id`) REFERENCES `tutors` (`tutor_id`) ON DELETE CASCADE,
  ADD CONSTRAINT `kelas_ibfk_3` FOREIGN KEY (`siswa_id`) REFERENCES `users` (`user_id`) ON DELETE CASCADE,
  ADD CONSTRAINT `kelas_ibfk_4` FOREIGN KEY (`mapel_id`) REFERENCES `mapel` (`mapel_id`) ON DELETE CASCADE,
  ADD CONSTRAINT `kelas_ibfk_5` FOREIGN KEY (`jadwal_id`) REFERENCES `jadwal_sesi` (`jadwal_id`) ON DELETE CASCADE;

--
-- Ketidakleluasaan untuk tabel `kelas_kelas`
--
ALTER TABLE `kelas_kelas`
  ADD CONSTRAINT `fk_kelaskelas_kelas` FOREIGN KEY (`kelas_id`) REFERENCES `pendaftaran` (`kelas_id`) ON DELETE CASCADE ON UPDATE CASCADE,
  ADD CONSTRAINT `fk_kelaskelas_siswa` FOREIGN KEY (`siswa_id`) REFERENCES `users` (`user_id`) ON DELETE CASCADE ON UPDATE CASCADE,
  ADD CONSTRAINT `fk_kelaskelas_tutor` FOREIGN KEY (`tutor_id`) REFERENCES `tutors` (`tutor_id`) ON DELETE CASCADE ON UPDATE CASCADE;

--
-- Ketidakleluasaan untuk tabel `kelas_pendaftaran`
--
ALTER TABLE `kelas_pendaftaran`
  ADD CONSTRAINT `kelas_pendaftaran_ibfk_1` FOREIGN KEY (`mapel_id`) REFERENCES `mapel` (`mapel_id`) ON DELETE CASCADE,
  ADD CONSTRAINT `kelas_pendaftaran_ibfk_2` FOREIGN KEY (`jadwal_id`) REFERENCES `jadwal_sesi` (`jadwal_id`) ON DELETE CASCADE;

--
-- Ketidakleluasaan untuk tabel `materi`
--
ALTER TABLE `materi`
  ADD CONSTRAINT `materi_ibfk_1` FOREIGN KEY (`mapel_id`) REFERENCES `mapel` (`mapel_id`) ON DELETE CASCADE;

--
-- Ketidakleluasaan untuk tabel `pendaftaran`
--
ALTER TABLE `pendaftaran`
  ADD CONSTRAINT `pendaftaran_ibfk_1` FOREIGN KEY (`siswa_id`) REFERENCES `users` (`user_id`) ON DELETE CASCADE,
  ADD CONSTRAINT `pendaftaran_ibfk_2` FOREIGN KEY (`kelas_id`) REFERENCES `kelas_pendaftaran` (`kelas_id`) ON DELETE CASCADE;

--
-- Ketidakleluasaan untuk tabel `review`
--
ALTER TABLE `review`
  ADD CONSTRAINT `review_ibfk_1` FOREIGN KEY (`siswa_id`) REFERENCES `users` (`user_id`) ON DELETE CASCADE,
  ADD CONSTRAINT `review_ibfk_2` FOREIGN KEY (`kelas_id`) REFERENCES `kelas_pendaftaran` (`kelas_id`) ON DELETE CASCADE;

--
-- Ketidakleluasaan untuk tabel `siswa`
--
ALTER TABLE `siswa`
  ADD CONSTRAINT `siswa_ibfk_1` FOREIGN KEY (`user_id`) REFERENCES `users` (`user_id`) ON DELETE CASCADE;

--
-- Ketidakleluasaan untuk tabel `transaksi`
--
ALTER TABLE `transaksi`
  ADD CONSTRAINT `transaksi_ibfk_1` FOREIGN KEY (`pendaftaran_id`) REFERENCES `pendaftaran` (`daftar_id`) ON DELETE CASCADE;

--
-- Ketidakleluasaan untuk tabel `tutors`
--
ALTER TABLE `tutors`
  ADD CONSTRAINT `fk_tutors_mapel` FOREIGN KEY (`mapel_id`) REFERENCES `mapel` (`mapel_id`) ON DELETE SET NULL ON UPDATE CASCADE,
  ADD CONSTRAINT `fk_tutors_users` FOREIGN KEY (`tutor_id`) REFERENCES `users` (`user_id`) ON DELETE CASCADE,
  ADD CONSTRAINT `tutors_ibfk_1` FOREIGN KEY (`tutor_id`) REFERENCES `users` (`user_id`) ON DELETE CASCADE;

--
-- Ketidakleluasaan untuk tabel `tutor_mapel`
--
ALTER TABLE `tutor_mapel`
  ADD CONSTRAINT `tutor_mapel_ibfk_1` FOREIGN KEY (`tutor_id`) REFERENCES `tutors` (`tutor_id`) ON DELETE CASCADE,
  ADD CONSTRAINT `tutor_mapel_ibfk_2` FOREIGN KEY (`mapel_id`) REFERENCES `mapel` (`mapel_id`) ON DELETE CASCADE;
COMMIT;

/*!40101 SET CHARACTER_SET_CLIENT=@OLD_CHARACTER_SET_CLIENT */;
/*!40101 SET CHARACTER_SET_RESULTS=@OLD_CHARACTER_SET_RESULTS */;
/*!40101 SET COLLATION_CONNECTION=@OLD_COLLATION_CONNECTION */;
